{"1": [1.0, 0.0, 3.0, 0.0, 0.0, 0.0, 0.0, 0.0, 0.0, 1.0, 0.0, 1.0, 0.0, 3.0, 3.0, 0.0, 0.0, 0.0, 0.0, 0.0, 0.0, 0.0, 0, 0, 0, 1, 0, 0, 0, 1, 0, 0, 0, 0, 0, 0, 0, 3, 0, 3, 0, 1, 0, 0, 3, 0, 0, 0, 0, 0, 0, 0, 2, 0, 0, 0, 1, 3, 0, 0, 0, 0, 0, 3, 0, 3, 0, 0, 0, 0, 2, 1, 0, 0, 0, 0, 0, 3, 3, 0, 0, 0, 1, 0, 0, 3, 0, 1, 0, 0, 2, 0, 0, 0, 0, 0, 1, 0, 1, 0, 0, 1], "2": [0.0, 0.0, 0.0, 0.0, 0.0, 0.0, 3.0, 0.0, 0.0, 0.0, 2.0, 0.0, 0.0, 3.0, 0.0, 0.0, 3.0, 0.0, 0.0, 0.0, 2.0, 0, 3, 0, 0, 0, 2, 0, 0, 0, 1, 0, 0, 0, 0, 0, 1, 0, 0, 0, 0, 3, 0, 1, 0, 0, 3, 2, 1, 3, 0, 0, 3, 0, 0, 0, 0, 1, 0, 1, 3, 1, 0, 0, 0, 2, 0, 0, 3, 0, 3, 0, 1, 0, 0, 0, 0, 0, 0, 0, 0, 0, 0, 3, 3, 1, 0, 0, 0, 0, 0, 0, 0, 3, 0, 0, 0, 0, 0, 0, 2], "3": [1.0, 3.0, 0.0, 0.0, 0.0, 0.0, 0.0, 0.0, 0.0, 0.0, 0.0, 2.0, 0.0, 0.0, 0.0, 0.0, 0.0, 3, 0, 0, 3, 0, 0, 0, 3, 3, 1, 0, 0, 0, 2, 0, 0, 3, 0, 1, 3, 0, 0, 0, 3, 0, 0, 0, 3, 0, 0, 0, 0, 0, 0, 1, 0, 2, 0, 0, 0, 0, 0, 1, 3, 1, 0, 0, 0, 3, 0, 0, 1, 0, 0, 0, 0, 0, 0, 2, 1, 0, 0, 0, 3, 0, 1, 0, 0, 0, 0, 0, 3, 0, 0, 0, 1, 0, 0, 0, 0], "4": [0.0, 3.0, 0.0, 0.0, 0.0, 0.0, 0.0, 0.0, 0.0, 3.0, 0.0, 1.0, 0.0, 0.0, 0.0, 0.0, 0.0, 1.0, 0.0, 0.0, 2, 0, 3, 1, 0, 0, 1, 3, 3, 0, 3, 0, 3, 0, 0, 0, 0, 2, 0, 0, 0, 0, 0, 0, 1, 0, 0, 0, 0, 1, 3, 1, 2, 0, 3, 0, 0, 0, 1, 3, 1, 3, 0, 2, 3, 0, 2, 0, 0, 0, 0, 3, 2, 1, 3, 3, 0, 0, 3, 0, 0, 0, 3, 2, 0, 0, 0, 0, 0, 0, 2, 0, 0, 2, 0, 0, 0, 0, 0, 0], "5": [0.0, 0.0, 0.0, 1.0, 0.0, 0.0, 3.0, 0.0, 0.0, 0.0, 0.0, 2.0, 0.0, 0.0, 0.0, 3.0, 0, 0, 0, 1, 0, 3, 0, 0, 0, 0, 1, 0, 0, 3, 3, 1, 0, 0, 0, 3, 0, 2, 2, 0, 0, 1, 0, 0, 1, 0, 0, 0, 0, 0, 0, 0, 1, 0, 0, 3, 0, 0, 0, 0, 3, 0, 0, 0, 3, 0, 0, 0, 0, 0, 1, 0, 0, 2, 3, 1, 3, 2, 0, 3, 1, 1, 0, 0, 0, 0, 1, 0, 1, 0, 0, 0, 3, 3, 0, 2], "6": [1.0, 0.0, 2.0, 0.0, 0.0, 0.0, 0.0, 0.0, 2.0, 0.0, 0.0, 1.0, 0.0, 0.0, 0.0, 0.0, 1, 0, 0, 1, 2, 3, 0, 0, 1, 2, 1, 0, 1, 0, 0, 0, 0, 0, 3, 1, 3, 0, 0, 1, 0, 0, 0, 0, 1, 0, 3, 0, 0, 3, 0, 3, 0, 0, 0, 3, 0, 2, 0, 0, 1, 2, 0, 0, 0, 3, 0, 2, 0, 0, 0, 0, 0, 0, 0, 0, 0, 2, 0, 0, 0, 0, 2, 2, 0, 0, 0, 3, 0, 0, 3, 0, 0, 0, 3, 0], "7": [1.0, 1.0, 3.0, 0.0, 3.0, 1.0, 0.0, 1.0, 0.0, 0.0, 0.0, 1.0, 0.0, 3.0, 0.0, 0.0, 0.0, 0.0, 0.0, 0.0, 0.0, 2, 3, 1, 0, 1, 0, 0, 2, 3, 0, 2, 0, 0, 1, 0, 3, 0, 3, 0, 0, 0, 0, 1, 1, 0, 3, 0, 3, 1, 3, 0, 0, 2, 2, 0, 3, 0, 0, 0, 3, 0, 0, 0, 0, 0, 0, 0, 2, 0, 0, 0, 0, 0, 0, 2, 0, 0, 0, 0, 0, 1, 0, 0, 1, 2, 1, 0, 3, 0, 3, 0, 0, 3, 0, 2, 0, 0, 0, 0, 0], "8": [0.0, 1.0, 0.0, 0.0, 0.0, 0.0, 0.0, 1.0, 0.0, 0.0, 0.0, 1.0, 1, 0, 1, 0, 0, 0, 0, 0, 0, 0, 0, 1, 0, 0, 0, 3, 0, 3, 0, 1, 0, 0, 0, 0, 2, 0, 0, 3, 0, 2, 0, 0, 0, 3, 0, 0, 3, 1, 1, 0, 3, 2, 3, 0, 3, 0, 0, 0, 3, 1, 1, 0, 0, 0, 0, 1, 0, 0, 2, 0, 2, 1, 1, 0, 0, 0, 0, 2, 0, 0, 0, 3, 0, 0, 1, 0, 3, 3, 0, 0], "9": [0.0, 3.0, 3.0, 1.0, 1.0, 0.0, 2.0, 1.0, 0.0, 0.0, 0.0, 2.0, 0.0, 0, 2, 3, 0, 1, 0, 3, 0, 0, 0, 0, 0, 3, 0, 0, 2, 3, 0, 3, 0, 0, 0, 0, 0, 1, 1, 3, 0, 2, 0, 0, 1, 0, 3, 0, 0, 3, 0, 0, 0, 0, 0, 0, 0, 0, 3, 0, 3, 3, 3, 0, 3, 0, 1, 0, 2, 0, 3, 0, 2, 0, 1, 0, 0, 0, 0, 1, 0, 0, 0, 1, 0, 0, 0, 0, 2, 0, 0, 0, 0], "10": [0.0, 2.0, 0.0, 2.0, 3.0, 1.0, 2.0, 0.0, 0.0, 0.0, 1.0, 2.0, 2, 0, 3, 0, 1, 2, 2, 0, 0, 0, 0, 3, 0, 0, 3, 0, 0, 0, 0, 0, 3, 0, 0, 1, 2, 0, 1, 2, 1, 0, 0, 2, 0, 0, 0, 1, 0, 2, 2, 1, 1, 0, 3, 0, 0, 0, 3, 0, 0, 0, 3, 0, 0, 1, 0, 0, 1, 0, 0, 0, 3, 0, 3, 0, 1, 0, 0, 0, 1, 0, 0, 0, 0, 0, 1, 1, 0, 0, 0, 0], "11": [1.0, 0.0, 0.0, 0.0, 0.0, 0.0, 0.0, 0.0, 0.0, 0.0, 0.0, 1.0, 0.0, 3.0, 0.0, 0.0, 0, 0, 0, 0, 0, 0, 0, 1, 1, 0, 1, 0, 3, 1, 0, 3, 0, 0, 0, 0, 3, 0, 2, 3, 2, 0, 0, 0, 0, 0, 0, 1, 0, 1, 0, 3, 1, 0, 3, 0, 0, 1, 0, 0, 3, 0, 0, 3, 0, 3, 1, 0, 3, 0, 0, 0, 0, 2, 1, 3, 0, 0, 3, 0, 0, 0, 0, 0, 0, 3, 0, 0, 0, 0, 0, 3, 3, 2, 0, 0], "12": [0.0, 0.0, 0.0, 0.0, 0.0, 1.0, 0.0, 0.0, 0.0, 0.0, 0.0, 0.0, 0.0, 0.0, 0.0, 0, 0, 0, 3, 0, 0, 1, 2, 0, 3, 3, 3, 1, 0, 3, 2, 0, 0, 1, 0, 0, 0, 3, 0, 0, 3, 0, 3, 0, 0, 1, 0, 0, 0, 0, 0, 0, 0, 2, 0, 1, 0, 0, 0, 0, 0, 0, 1, 2, 1, 0, 0, 0, 0, 0, 1, 0, 3, 0, 0, 1, 1, 0, 1, 0, 3, 2, 0, 0, 0, 3, 0, 0, 0, 0, 0, 3, 2, 2, 0], "13": [0.0, 0.0, 3.0, 0.0, 0.0, 0.0, 1.0, 0.0, 3.0, 0.0, 3.0, 0.0, 2.0, 0.0, 1.0, 0.0, 0.0, 3.0, 3.0, 0.0, 1.0, 0.0, 0.0, 0.0, 3.0, 0.0, 3.0, 3, 0, 0, 0, 0, 1, 0, 0, 3, 0, 0, 0, 2, 0, 0, 3, 0, 0, 0, 0, 3, 3, 0, 0, 0, 0, 3, 0, 0, 0, 1, 3, 0, 0, 0, 0, 0, 0, 0, 0, 2, 0, 0, 0, 0, 0, 1, 0, 0, 3, 0, 0, 2, 0, 1, 0, 0, 3, 2, 3, 0, 0, 0, 0, 0, 3, 3, 3, 2, 0, 0, 0, 1, 0, 3, 0, 0, 2, 0, 0], "14": [0.0, 1.0, 0.0, 2.0, 0.0, 0.0, 1.0, 0.0, 0.0, 0.0, 3.0, 0.0, 0, 0, 2, 0, 0, 1, 0, 3, 0, 0, 1, 1, 3, 0, 0, 0, 3, 3, 0, 0, 0, 3, 0, 0, 0, 0, 0, 3, 0, 0, 1, 2, 1, 2, 0, 0, 0, 1, 0, 0, 0, 0, 1, 0, 0, 0, 0, 1, 2, 1, 0, 2, 0, 0, 1, 0, 1, 0, 0, 0, 0, 0, 0, 3, 2, 0, 1, 0, 0, 0, 0, 3, 0, 1, 0, 1, 0, 0, 1, 2], "15": [0.0, 0.0, 3.0, 3.0, 3.0, 1.0, 2.0, 1.0, 0.0, 0.0, 3.0, 0.0, 0, 1, 0, 0, 0, 0, 0, 0, 3, 0, 0, 1, 0, 1, 0, 0, 1, 1, 0, 0, 0, 0, 1, 0, 0, 0, 0, 3, 3, 1, 0, 0, 0, 3, 0, 0, 3, 1, 0, 0, 0, 0, 1, 0, 0, 0, 0, 1, 0, 0, 0, 3, 1, 1, 0, 1, 0, 0, 0, 0, 0, 0, 3, 2, 1, 0, 0, 0, 2, 0, 0, 0, 3, 3, 3, 0, 0, 0, 0, 1], "16": [2.0, 3.0, 0.0, 0.0, 3.0, 3.0, 3.0, 0.0, 0.0, 0.0, 2.0, 0.0, 3.0, 0.0, 1.0, 3.0, 3.0, 0.0, 0.0, 0, 0, 0, 2, 0, 0, 1, 3, 0, 1, 0, 0, 0, 0, 0, 0, 0, 0, 1, 0, 0, 0, 1, 0, 3, 3, 1, 0, 0, 0, 0, 3, 0, 3, 0, 1, 0, 0, 0, 3, 3, 0, 0, 0, 0, 0, 0, 1, 0, 0, 0, 0, 2, 0, 0, 0, 1, 3, 0, 0, 0, 0, 2, 0, 0, 0, 0, 0, 0, 0, 0, 3, 3, 0, 0, 0, 0, 3, 1, 0], "17": [0.0, 0.0, 0.0, 0.0, 0.0, 1.0, 0.0, 0.0, 2.0, 0.0, 0.0, 1.0, 0.0, 0.0, 0.0, 0.0, 1.0, 0.0, 0.0, 2.0, 0.0, 1.0, 0.0, 0, 0, 0, 0, 0, 2, 0, 0, 1, 1, 0, 0, 2, 0, 0, 0, 0, 0, 1, 0, 0, 1, 0, 3, 0, 1, 0, 0, 0, 3, 0, 0, 3, 1, 0, 0, 0, 0, 0, 0, 2, 0, 0, 1, 1, 0, 0, 0, 3, 1, 0, 0, 0, 0, 1, 0, 0, 0, 0, 0, 0, 0, 0, 0, 0, 0, 1, 0, 0, 3, 0, 1, 0, 0, 0, 1, 0, 0, 0, 0], "18": [0.0, 3.0, 0.0, 3.0, 0.0, 0.0, 0.0, 2.0, 0.0, 1.0, 3.0, 0.0, 0.0, 0.0, 0.0, 0.0, 0.0, 0.0, 0.0, 1.0, 0.0, 1.0, 0.0, 1.0, 0.0, 2.0, 0.0, 0.0, 0.0, 0.0, 1, 0, 3, 0, 0, 1, 2, 3, 0, 1, 0, 0, 0, 0, 1, 0, 1, 0, 3, 0, 0, 0, 3, 0, 0, 0, 0, 1, 0, 1, 0, 0, 0, 0, 0, 0, 0, 0, 0, 1, 0, 0, 0, 3, 0, 0, 2, 3, 0, 3, 0, 0, 2, 0, 1, 0, 3, 0, 0, 0, 0, 0, 3, 0, 3, 0, 1, 3, 3, 0, 0, 0, 0, 3, 1, 2, 0, 0, 0, 2], "19": [0.0, 0.0, 0.0, 1.0, 2.0, 0.0, 0.0, 0.0, 0.0, 0.0, 0.0, 0.0, 0.0, 0, 3, 0, 0, 0, 1, 0, 0, 0, 0, 0, 3, 0, 2, 1, 0, 0, 0, 3, 0, 0, 1, 0, 0, 0, 1, 0, 0, 0, 0, 3, 0, 3, 0, 0, 0, 3, 3, 0, 0, 0, 0, 2, 0, 0, 0, 0, 3, 0, 0, 2, 0, 0, 0, 0, 1, 0, 0, 3, 0, 3, 0, 2, 3, 0, 0, 0, 0, 0, 0, 0, 0, 2, 0, 0, 2, 0, 0, 0, 1], "20": [0.0, 0.0, 2.0, 0.0, 1.0, 0.0, 3.0, 0.0, 0.0, 0.0, 0.0, 2.0, 0.0, 1.0, 0, 1, 0, 0, 0, 0, 0, 0, 0, 2, 0, 0, 0, 0, 0, 0, 0, 0, 0, 1, 2, 0, 2, 1, 0, 1, 0, 0, 0, 0, 0, 1, 0, 1, 0, 0, 0, 0, 0, 0, 3, 2, 0, 1, 0, 1, 0, 0, 0, 3, 3, 0, 0, 0, 0, 0, 0, 0, 0, 0, 0, 2, 0, 0, 0, 0, 3, 0, 3, 0, 0, 3, 0, 0, 0, 2, 0, 0, 0, 3], "21": [0.0, 0.0, 0.0, 0.0, 0.0, 0.0, 0.0, 0.0, 0.0, 0.0, 0.0, 3.0, 0.0, 0.0, 0, 0, 0, 1, 2, 0, 0, 3, 0, 0, 0, 0, 2, 3, 0, 0, 0, 0, 0, 2, 0, 0, 0, 0, 1, 1, 3, 1, 1, 0, 0, 3, 2, 0, 0, 0, 0, 0, 0, 0, 1, 0, 0, 0, 0, 0, 0, 0, 3, 0, 0, 0, 2, 0, 1, 0, 2, 0, 0, 0, 0, 3, 0, 0, 1, 0, 0, 1, 0, 0, 0, 1, 2, 0, 2, 0, 2, 0, 0, 2], "22": [0.0, 1.0, 2.0, 0.0, 2.0, 0.0, 0.0, 2.0, 1.0, 1.0, 1.0, 1.0, 0.0, 0, 0, 0, 0, 3, 1, 0, 2, 0, 0, 1, 1, 0, 1, 1, 2, 2, 0, 0, 0, 0, 0, 3, 0, 0, 3, 0, 0, 3, 2, 0, 0, 0, 3, 1, 0, 0, 0, 2, 0, 0, 2, 0, 0, 0, 2, 0, 0, 0, 2, 0, 0, 2, 0, 0, 0, 1, 0, 0, 0, 3, 3, 0, 0, 0, 0, 0, 3, 1, 0, 0, 1, 0, 0, 0, 0, 0, 0, 0, 1], "23": [0.0, 0.0, 0.0, 0.0, 0.0, 3.0, 3.0, 0.0, 0.0, 0.0, 2.0, 0.0, 2.0, 0.0, 0.0, 0.0, 0.0, 0.0, 1.0, 0.0, 0.0, 0.0, 0, 3, 3, 0, 1, 0, 0, 0, 3, 3, 0, 0, 0, 0, 3, 0, 0, 0, 0, 3, 1, 0, 0, 1, 0, 0, 0, 1, 0, 1, 3, 1, 1, 0, 0, 0, 0, 0, 0, 1, 0, 0, 0, 0, 2, 0, 0, 0, 0, 0, 3, 3, 1, 0, 0, 0, 0, 0, 0, 0, 0, 2, 0, 3, 0, 1, 0, 3, 1, 0, 0, 0, 0, 0, 0, 0, 0, 0, 0, 2], "24": [0.0, 0.0, 0.0, 0.0, 0.0, 0.0, 0.0, 0.0, 3.0, 0.0, 3.0, 3.0, 0.0, 0.0, 0.0, 0.0, 3.0, 0.0, 0.0, 0.0, 0.0, 2.0, 0.0, 0.0, 0.0, 0.0, 0.0, 0.0, 0, 0, 0, 0, 1, 1, 0, 3, 3, 0, 0, 0, 0, 2, 0, 1, 1, 3, 0, 0, 0, 3, 0, 0, 1, 0, 0, 0, 0, 0, 0, 0, 0, 0, 1, 0, 0, 0, 0, 0, 0, 0, 0, 1, 0, 3, 0, 0, 0, 0, 0, 0, 3, 1, 0, 3, 0, 3, 0, 1, 1, 0, 3, 0, 0, 0, 0, 0, 0, 0, 2, 0, 1, 0, 0, 1, 3, 0, 1, 0], "25": [0.0, 1.0, 0.0, 0.0, 0.0, 0.0, 3.0, 0.0, 0.0, 1.0, 1.0, 0.0, 0.0, 1.0, 0.0, 0.0, 0, 0, 1, 0, 3, 0, 1, 0, 0, 3, 0, 0, 0, 3, 0, 3, 0, 0, 0, 0, 0, 3, 3, 1, 0, 0, 0, 1, 1, 0, 0, 0, 0, 1, 0, 0, 3, 0, 0, 2, 2, 0, 0, 0, 3, 0, 1, 0, 2, 1, 1, 3, 0, 0, 0, 1, 0, 0, 0, 2, 0, 3, 0, 0, 0, 0, 0, 0, 0, 0, 0, 3, 0, 0, 1, 0, 0, 0, 3, 1], "26": [0.0, 0.0, 0.0, 0.0, 0.0, 2.0, 0.0, 0.0, 0.0, 0.0, 0.0, 0.0, 0.0, 2.0, 0.0, 0.0, 0.0, 0.0, 0, 0, 3, 3, 0, 3, 1, 0, 0, 0, 0, 0, 0, 0, 3, 1, 0, 0, 3, 0, 0, 0, 2, 1, 0, 0, 3, 0, 0, 0, 0, 0, 0, 0, 0, 0, 0, 0, 0, 2, 0, 0, 0, 3, 1, 0, 0, 0, 0, 0, 0, 0, 0, 1, 0, 1, 0, 0, 0, 1, 0, 0, 0, 0, 0, 3, 1, 0, 0, 1, 3, 0, 0, 0, 0, 0, 0, 0, 2, 0], "27": [3.0, 0.0, 0.0, 0.0, 0.0, 0.0, 0.0, 0.0, 3.0, 0.0, 3.0, 3.0, 3.0, 0.0, 0, 0, 1, 0, 0, 0, 3, 3, 0, 0, 3, 3, 0, 0, 0, 2, 1, 0, 2, 0, 0, 3, 0, 0, 0, 1, 2, 0, 0, 2, 0, 0, 1, 0, 0, 0, 0, 0, 1, 0, 3, 0, 3, 0, 1, 3, 0, 0, 0, 1, 0, 0, 0, 3, 3, 0, 0, 3, 3, 0, 0, 0, 1, 1, 3, 3, 0, 0, 1, 0, 1, 0, 3, 0, 0, 0, 0, 2, 3, 1], "28": [1.0, 0.0, 0.0, 0.0, 0.0, 0.0, 0.0, 0.0, 2.0, 0.0, 0.0, 0.0, 0.0, 0.0, 0.0, 0.0, 0.0, 3.0, 1, 0, 0, 0, 0, 0, 0, 0, 0, 1, 0, 0, 0, 0, 0, 1, 0, 0, 0, 0, 3, 0, 0, 2, 0, 0, 0, 0, 0, 0, 3, 0, 0, 2, 0, 0, 3, 0, 0, 0, 0, 0, 0, 0, 0, 0, 0, 0, 0, 0, 0, 0, 3, 0, 2, 0, 0, 0, 0, 3, 0, 2, 0, 0, 2, 3, 1, 3, 0, 3, 0, 0, 3, 3, 1, 0, 1, 1, 1, 1], "29": [3.0, 3.0, 0.0, 3.0, 1.0, 1.0, 1.0, 1.0, 0.0, 0.0, 0.0, 0.0, 0.0, 0.0, 3.0, 0.0, 0.0, 0, 0, 0, 3, 0, 3, 0, 0, 0, 0, 0, 1, 2, 1, 0, 0, 2, 0, 0, 0, 0, 1, 3, 1, 3, 3, 3, 0, 1, 0, 0, 0, 0, 0, 3, 2, 0, 0, 1, 0, 0, 0, 0, 0, 0, 1, 2, 0, 3, 2, 3, 1, 0, 3, 1, 3, 0, 0, 0, 0, 0, 1, 0, 3, 0, 0, 0, 0, 0, 0, 0, 0, 0, 3, 1, 0, 0, 0, 0, 0], "30": [0.0, 0.0, 0.0, 1.0, 1.0, 2.0, 3.0, 0.0, 0.0, 0.0, 3.0, 0.0, 1.0, 0.0, 0.0, 2.0, 1.0, 0.0, 0.0, 0.0, 0.0, 2, 0, 0, 1, 0, 0, 0, 0, 0, 0, 0, 2, 3, 0, 3, 0, 0, 3, 0, 3, 0, 3, 0, 0, 0, 0, 3, 3, 1, 0, 0, 0, 0, 0, 0, 3, 2, 3, 1, 0, 0, 2, 0, 2, 1, 2, 1, 0, 0, 2, 0, 0, 0, 0, 0, 0, 0, 0, 0, 1, 0, 1, 0, 3, 1, 3, 1, 1, 3, 0, 0, 0, 0, 2, 0, 0, 0, 0, 1, 0], "31": [0.0, 1.0, 0.0, 3.0, 3.0, 1.0, 0.0, 0.0, 0.0, 2.0, 3.0, 3.0, 0.0, 1.0, 0.0, 0.0, 0.0, 0.0, 0.0, 0.0, 3.0, 0.0, 0.0, 1.0, 0.0, 0.0, 2.0, 3, 2, 0, 3, 0, 1, 0, 2, 0, 1, 0, 2, 3, 3, 0, 0, 0, 1, 0, 0, 0, 0, 0, 0, 1, 3, 0, 0, 3, 0, 0, 0, 1, 3, 0, 0, 0, 3, 0, 0, 0, 1, 3, 0, 0, 0, 0, 0, 0, 0, 3, 0, 0, 0, 0, 0, 0, 0, 3, 0, 1, 0, 0, 2, 0, 0, 0, 3, 0, 3, 1, 0, 0, 1, 3, 0, 3, 3, 0, 2], "32": [0.0, 0.0, 0.0, 3.0, 0.0, 0.0, 2.0, 0.0, 0.0, 3.0, 2.0, 0.0, 1.0, 1.0, 1.0, 0.0, 0.0, 0.0, 0.0, 0.0, 0.0, 2.0, 1, 0, 0, 0, 0, 1, 1, 0, 0, 1, 0, 1, 0, 1, 2, 0, 0, 0, 0, 1, 1, 0, 0, 0, 0, 0, 3, 0, 0, 0, 0, 0, 0, 0, 1, 0, 2, 0, 0, 0, 0, 0, 0, 3, 0, 0, 3, 3, 3, 2, 0, 3, 2, 0, 0, 0, 0, 3, 1, 0, 3, 0, 0, 0, 3, 0, 2, 0, 0, 0, 0, 0, 0, 0, 0, 0, 0, 0, 0, 0], "33": [0.0, 0.0, 3.0, 0.0, 0.0, 0.0, 3.0, 2.0, 0.0, 0.0, 0.0, 0.0, 0.0, 1.0, 0.0, 0.0, 0.0, 0, 0, 1, 1, 2, 0, 0, 0, 0, 0, 0, 1, 3, 0, 3, 0, 0, 0, 0, 0, 1, 0, 0, 0, 2, 0, 3, 3, 0, 0, 0, 0, 0, 0, 0, 0, 0, 2, 0, 1, 0, 2, 1, 0, 0, 3, 3, 0, 0, 0, 0, 0, 0, 0, 0, 0, 0, 3, 0, 3, 0, 0, 3, 0, 3, 0, 0, 0, 0, 0, 2, 3, 1, 0, 0, 0, 0, 0, 0, 0], "34": [0.0, 0.0, 0.0, 1.0, 0.0, 0.0, 0.0, 1.0, 0.0, 1.0, 0.0, 0.0, 1.0, 0.0, 1.0, 3, 1, 0, 0, 0, 3, 0, 0, 0, 0, 3, 0, 0, 1, 3, 1, 1, 0, 0, 0, 0, 0, 0, 0, 0, 0, 0, 1, 0, 3, 0, 3, 0, 0, 0, 0, 0, 1, 0, 1, 0, 0, 0, 2, 0, 0, 0, 0, 0, 3, 0, 0, 2, 3, 1, 0, 0, 3, 0, 0, 1, 3, 0, 0, 0, 0, 2, 0, 1, 2, 0, 0, 0, 2, 1, 0, 0, 0, 3, 0], "35": [0.0, 0.0, 0.0, 0.0, 0.0, 0.0, 0.0, 3.0, 2.0, 0.0, 2.0, 2.0, 0.0, 0.0, 1, 0, 1, 0, 0, 0, 0, 2, 0, 3, 0, 0, 3, 1, 0, 0, 3, 0, 0, 0, 2, 0, 0, 0, 3, 3, 2, 0, 0, 3, 0, 0, 1, 2, 0, 0, 3, 0, 0, 0, 3, 0, 0, 1, 0, 0, 0, 0, 3, 0, 3, 3, 0, 0, 0, 0, 0, 3, 0, 0, 0, 0, 0, 0, 1, 0, 0, 3, 3, 0, 3, 1, 0, 0, 1, 0, 0, 2, 0, 1], "36": [3.0, 0.0, 0.0, 0.0, 0.0, 0.0, 0.0, 2.0, 0.0, 0.0, 2.0, 0.0, 2.0, 0.0, 0.0, 0, 1, 0, 2, 2, 0, 0, 0, 0, 0, 0, 0, 0, 1, 3, 1, 0, 3, 0, 0, 0, 0, 0, 0, 0, 0, 0, 3, 1, 0, 0, 0, 1, 3, 0, 0, 3, 0, 0, 0, 3, 0, 0, 2, 0, 2, 0, 0, 1, 0, 0, 0, 0, 1, 1, 3, 0, 0, 1, 3, 0, 0, 3, 3, 0, 3, 0, 0, 3, 1, 1, 1, 0, 1, 0, 0, 0, 3, 0, 0], "37": [3.0, 1.0, 0.0, 0.0, 0.0, 3.0, 1.0, 1.0, 0.0, 0.0, 0.0, 0.0, 0.0, 0.0, 0.0, 0.0, 3.0, 0.0, 1.0, 2, 3, 0, 0, 0, 0, 2, 0, 0, 0, 0, 0, 0, 0, 0, 0, 0, 0, 0, 0, 0, 3, 0, 0, 0, 0, 0, 2, 0, 0, 3, 0, 1, 3, 1, 2, 0, 0, 2, 0, 3, 0, 0, 0, 0, 0, 3, 0, 1, 0, 2, 1, 0, 0, 0, 1, 0, 0, 0, 0, 0, 1, 0, 0, 2, 0, 0, 0, 1, 3, 0, 0, 0, 3, 1, 0, 0, 0, 0, 0], "38": [0.0, 1.0, 1.0, 1.0, 3.0, 1.0, 0.0, 2.0, 2.0, 0.0, 2.0, 1.0, 3.0, 0.0, 0.0, 0.0, 0.0, 2.0, 0.0, 0.0, 0, 0, 0, 3, 0, 0, 0, 0, 0, 3, 2, 3, 1, 1, 0, 3, 0, 1, 1, 0, 0, 0, 2, 0, 0, 1, 0, 0, 0, 0, 3, 0, 2, 3, 1, 0, 0, 0, 0, 0, 0, 0, 0, 0, 0, 0, 0, 0, 0, 3, 3, 1, 1, 0, 2, 0, 0, 0, 0, 0, 0, 0, 2, 0, 0, 0, 0, 0, 3, 0, 0, 0, 0, 0, 0, 0, 0, 0, 2, 0], "39": [0.0, 0.0, 0.0, 1.0, 0.0, 2.0, 3.0, 1.0, 0.0, 0.0, 0.0, 0.0, 0.0, 0.0, 0.0, 0, 0, 0, 0, 0, 0, 3, 3, 0, 0, 3, 1, 2, 0, 0, 3, 1, 3, 0, 0, 0, 0, 3, 0, 0, 2, 0, 1, 0, 1, 0, 3, 0, 2, 2, 3, 0, 0, 2, 0, 1, 0, 0, 0, 3, 0, 2, 1, 3, 0, 3, 0, 0, 3, 0, 1, 0, 3, 0, 0, 0, 0, 0, 2, 0, 0, 0, 2, 0, 1, 0, 0, 0, 0, 0, 1, 3, 1, 0, 0], "40": [0.0, 0.0, 0.0, 0.0, 0.0, 1.0, 0.0, 0.0, 0.0, 0.0, 0.0, 0.0, 0.0, 0.0, 0.0, 0.0, 0.0, 0.0, 0.0, 0, 1, 1, 0, 1, 0, 0, 1, 0, 0, 1, 0, 0, 0, 3, 0, 0, 3, 0, 0, 0, 0, 3, 0, 0, 3, 1, 1, 3, 0, 0, 1, 0, 0, 0, 0, 3, 1, 3, 0, 0, 3, 0, 0, 0, 0, 0, 0, 0, 1, 2, 0, 1, 1, 0, 0, 0, 0, 0, 0, 0, 0, 0, 0, 0, 0, 0, 2, 0, 0, 0, 0, 1, 0, 0, 0, 0, 0, 3, 0], "41": [0.0, 3.0, 0.0, 0.0, 3.0, 1.0, 0.0, 0.0, 1.0, 0.0, 0.0, 0.0, 0.0, 0, 3, 1, 0, 0, 0, 3, 1, 0, 0, 3, 0, 2, 2, 2, 2, 2, 0, 0, 0, 0, 1, 0, 0, 0, 0, 0, 1, 2, 3, 0, 2, 0, 1, 1, 0, 3, 0, 0, 0, 0, 0, 0, 0, 2, 0, 0, 0, 0, 0, 3, 0, 0, 0, 0, 0, 0, 0, 1, 3, 0, 0, 0, 0, 0, 2, 0, 0, 0, 0, 0, 1, 0, 1, 0, 0, 3, 0, 0, 2], "42": [0.0, 1.0, 0.0, 0.0, 1.0, 0.0, 2.0, 0.0, 3.0, 1.0, 0.0, 0.0, 0.0, 1.0, 3.0, 0.0, 3.0, 0.0, 0.0, 2.0, 3.0, 2, 0, 2, 0, 0, 0, 0, 0, 0, 3, 0, 2, 1, 2, 2, 3, 0, 0, 0, 0, 0, 0, 1, 0, 3, 0, 2, 0, 2, 1, 0, 0, 1, 0, 0, 3, 0, 0, 3, 0, 0, 3, 0, 0, 0, 0, 0, 0, 3, 0, 2, 0, 0, 2, 3, 2, 0, 3, 0, 0, 0, 0, 0, 0, 3, 0, 0, 0, 3, 2, 0, 0, 3, 3, 0, 0, 0, 2, 3, 0], "43": [0.0, 0.0, 3.0, 3.0, 0.0, 0.0, 0.0, 3.0, 0.0, 0.0, 3.0, 2.0, 3.0, 0.0, 0.0, 3.0, 2.0, 0.0, 0.0, 0.0, 0.0, 0.0, 3.0, 1.0, 0.0, 0, 0, 0, 0, 3, 1, 2, 1, 0, 1, 3, 3, 3, 0, 0, 0, 0, 0, 3, 1, 0, 1, 2, 0, 3, 0, 0, 0, 0, 0, 1, 0, 0, 2, 0, 0, 0, 2, 0, 2, 0, 2, 0, 2, 1, 0, 0, 0, 0, 0, 3, 1, 2, 1, 0, 3, 1, 1, 0, 3, 3, 0, 1, 3, 0, 0, 0, 0, 0, 3, 3, 0, 0, 3, 0, 1, 0, 0, 0, 0], "44": [0.0, 3.0, 0.0, 0.0, 0.0, 0.0, 0.0, 0.0, 1.0, 0.0, 3.0, 1.0, 1.0, 3.0, 0.0, 3.0, 0.0, 0.0, 2.0, 0.0, 0.0, 0.0, 0.0, 0.0, 0.0, 0.0, 2.0, 1.0, 0.0, 0.0, 3, 0, 0, 0, 1, 1, 0, 0, 2, 0, 0, 0, 0, 0, 0, 0, 2, 0, 0, 0, 0, 0, 1, 0, 0, 0, 0, 3, 0, 3, 0, 0, 0, 0, 3, 1, 0, 0, 0, 3, 0, 3, 0, 1, 0, 0, 0, 0, 0, 0, 0, 0, 0, 0, 0, 0, 0, 1, 0, 3, 3, 1, 2, 0, 0, 0, 0, 1, 0, 1, 0, 0, 0, 0, 0, 0, 2, 0, 0, 0], "45": [0.0, 0.0, 0.0, 0.0, 0.0, 0.0, 1.0, 3.0, 0.0, 0.0, 2.0, 0.0, 0.0, 0.0, 1.0, 0.0, 0.0, 0.0, 0.0, 0.0, 0.0, 0.0, 0, 0, 0, 3, 1, 0, 1, 3, 0, 3, 0, 0, 0, 0, 3, 0, 1, 3, 0, 2, 0, 0, 3, 0, 0, 0, 0, 0, 0, 0, 0, 0, 2, 0, 0, 3, 0, 0, 2, 0, 3, 1, 3, 0, 2, 1, 0, 0, 0, 2, 0, 0, 0, 0, 0, 0, 1, 0, 0, 0, 0, 0, 3, 1, 3, 0, 0, 0, 3, 0, 0, 1, 3, 0, 0, 3, 0, 1, 3, 0], "46": [0.0, 0.0, 3.0, 0.0, 0.0, 1.0, 0.0, 0.0, 0.0, 0.0, 3.0, 0.0, 0.0, 0.0, 0.0, 1.0, 3.0, 0.0, 0.0, 3.0, 1.0, 3.0, 0.0, 0.0, 2, 0, 0, 1, 0, 0, 0, 0, 1, 0, 0, 0, 0, 3, 0, 0, 2, 0, 0, 3, 0, 1, 1, 2, 0, 2, 2, 0, 2, 1, 1, 1, 0, 0, 3, 1, 0, 1, 0, 3, 0, 0, 0, 0, 0, 0, 0, 3, 0, 0, 0, 0, 0, 0, 3, 2, 2, 0, 3, 0, 0, 0, 0, 1, 0, 0, 1, 0, 0, 0, 0, 3, 0, 0, 3, 0, 0, 1, 0, 0], "47": [3.0, 0.0, 0.0, 2.0, 0.0, 0.0, 2.0, 0.0, 1.0, 0.0, 1.0, 0.0, 3.0, 0.0, 0.0, 3.0, 0.0, 0.0, 0.0, 1.0, 0.0, 0.0, 0.0, 3.0, 0.0, 3.0, 0.0, 0.0, 0, 0, 0, 1, 0, 0, 1, 0, 0, 3, 2, 1, 0, 3, 0, 0, 0, 0, 0, 0, 1, 1, 0, 1, 1, 0, 0, 3, 0, 0, 3, 0, 0, 3, 1, 0, 3, 0, 3, 0, 3, 3, 0, 3, 0, 0, 1, 0, 0, 0, 3, 0, 2, 0, 0, 3, 3, 0, 0, 0, 2, 0, 0, 3, 0, 0, 0, 0, 0, 0, 3, 0, 0, 0, 3, 0, 0, 2, 0, 0], "48": [0.0, 0.0, 0.0, 0.0, 0.0, 0.0, 0.0, 3.0, 0.0, 0.0, 0.0, 0.0, 0.0, 1.0, 0.0, 0.0, 0, 3, 1, 1, 0, 2, 0, 0, 0, 0, 3, 2, 0, 0, 0, 0, 1, 3, 0, 0, 0, 0, 0, 1, 3, 0, 0, 0, 3, 3, 0, 0, 1, 1, 2, 0, 0, 1, 0, 0, 0, 0, 0, 0, 0, 0, 3, 0, 1, 0, 3, 0, 0, 0, 0, 3, 0, 2, 0, 0, 1, 3, 3, 0, 0, 1, 3, 0, 2, 0, 0, 0, 0, 0, 3, 0, 0, 1, 0, 0], "49": [0.0, 3.0, 0.0, 0.0, 0.0, 0.0, 0.0, 0.0, 0.0, 0.0, 3.0, 0.0, 3.0, 2.0, 3.0, 0.0, 0.0, 0.0, 0, 0, 3, 0, 0, 0, 2, 0, 1, 3, 0, 3, 3, 0, 0, 2, 0, 0, 0, 0, 0, 1, 0, 0, 0, 0, 0, 3, 3, 2, 0, 0, 1, 0, 0, 0, 0, 1, 0, 0, 0, 0, 0, 1, 2, 0, 0, 0, 0, 0, 0, 0, 0, 0, 0, 0, 3, 0, 3, 0, 0, 0, 3, 3, 1, 0, 0, 0, 0, 0, 0, 0, 0, 3, 3, 0, 0, 3, 1, 0], "50": [0.0, 0.0, 0.0, 1.0, 0.0, 0.0, 1.0, 0.0, 1.0, 0.0, 0.0, 3.0, 3.0, 0.0, 1, 0, 0, 1, 0, 0, 0, 0, 0, 1, 1, 0, 0, 0, 3, 0, 3, 3, 0, 1, 0, 0, 0, 0, 1, 0, 1, 1, 1, 0, 0, 0, 1, 0, 0, 0, 0, 0, 3, 0, 0, 0, 0, 0, 0, 0, 2, 0, 0, 1, 3, 0, 0, 0, 0, 0, 0, 0, 1, 0, 0, 0, 3, 0, 0, 3, 2, 0, 0, 0, 0, 3, 3, 0, 0, 0, 0, 0, 0, 0], "51": [0.0, 0.0, 0.0, 0.0, 3.0, 0.0, 1.0, 3.0, 2.0, 0.0, 0.0, 0.0, 1.0, 0.0, 0.0, 3.0, 0.0, 0.0, 0.0, 1.0, 0.0, 0.0, 0, 0, 0, 0, 0, 1, 3, 0, 0, 0, 3, 2, 0, 0, 1, 0, 0, 0, 0, 0, 0, 3, 1, 0, 0, 0, 0, 0, 0, 3, 0, 0, 0, 0, 2, 0, 3, 2, 0, 0, 2, 0, 3, 2, 0, 0, 0, 1, 0, 0, 0, 1, 1, 1, 1, 2, 0, 0, 3, 1, 0, 0, 3, 1, 0, 0, 2, 3, 0, 0, 1, 0, 0, 0, 0, 0, 0, 0, 2, 3], "52": [0.0, 0.0, 3.0, 0.0, 3.0, 1.0, 3.0, 0.0, 0.0, 0.0, 1.0, 3.0, 1.0, 0.0, 0.0, 0, 0, 0, 2, 0, 3, 2, 2, 0, 0, 0, 0, 2, 3, 3, 0, 3, 3, 1, 0, 0, 0, 0, 0, 1, 0, 0, 0, 0, 0, 0, 0, 0, 0, 0, 0, 3, 1, 0, 0, 0, 0, 0, 1, 2, 3, 3, 0, 1, 0, 0, 0, 0, 2, 0, 0, 1, 0, 0, 2, 0, 1, 2, 0, 1, 2, 3, 0, 3, 0, 2, 0, 0, 0, 0, 0, 2, 3, 0, 3], "53": [3.0, 0.0, 0.0, 3.0, 0.0, 0.0, 2.0, 0.0, 0.0, 0.0, 0.0, 0.0, 1.0, 0.0, 3.0, 0.0, 3.0, 3.0, 0, 0, 0, 3, 1, 3, 0, 0, 1, 3, 0, 3, 0, 0, 3, 3, 3, 0, 0, 0, 0, 0, 0, 0, 0, 0, 0, 3, 3, 0, 0, 3, 0, 0, 0, 1, 2, 1, 0, 0, 0, 1, 1, 0, 0, 0, 0, 2, 0, 0, 3, 0, 1, 0, 3, 1, 0, 1, 0, 0, 3, 0, 0, 0, 0, 0, 0, 0, 3, 0, 3, 0, 0, 0, 3, 0, 0, 3, 1, 0], "54": [0.0, 1.0, 0.0, 0.0, 0.0, 2.0, 0.0, 2.0, 2.0, 0.0, 0.0, 0.0, 3.0, 0.0, 0.0, 1.0, 0.0, 0.0, 3, 1, 0, 0, 0, 3, 1, 0, 2, 3, 0, 0, 1, 0, 3, 3, 3, 0, 0, 0, 3, 0, 0, 0, 0, 0, 3, 0, 0, 0, 0, 1, 0, 0, 3, 0, 0, 1, 0, 0, 0, 2, 0, 2, 0, 0, 0, 3, 0, 0, 0, 0, 0, 2, 0, 1, 0, 0, 0, 3, 0, 0, 0, 0, 1, 0, 2, 3, 3, 0, 0, 0, 0, 0, 3, 1, 0, 2, 1, 0], "55": [0.0, 0.0, 0.0, 0.0, 3.0, 0.0, 2.0, 3.0, 0.0, 0.0, 3.0, 0.0, 0.0, 0.0, 0.0, 0.0, 0.0, 0.0, 0.0, 0.0, 0, 3, 3, 0, 0, 0, 0, 0, 0, 0, 0, 3, 2, 0, 3, 3, 3, 0, 0, 0, 0, 3, 3, 1, 0, 0, 0, 0, 3, 0, 0, 0, 0, 0, 3, 0, 0, 0, 0, 0, 0, 0, 0, 0, 0, 0, 0, 0, 0, 0, 0, 0, 0, 1, 1, 0, 0, 0, 3, 0, 0, 0, 1, 2, 1, 0, 0, 0, 2, 0, 0, 3, 1, 0, 0, 0, 1, 1, 0, 0], "56": [3.0, 1.0, 0.0, 0.0, 0.0, 0.0, 1.0, 0.0, 0.0, 0.0, 0.0, 0.0, 3.0, 0.0, 1.0, 0.0, 0.0, 2.0, 3.0, 0.0, 3.0, 3.0, 0.0, 0.0, 0, 1, 3, 0, 0, 2, 0, 1, 1, 2, 1, 0, 0, 0, 0, 0, 0, 0, 1, 1, 0, 0, 0, 0, 3, 0, 0, 3, 0, 3, 0, 0, 1, 1, 1, 0, 1, 0, 0, 1, 2, 0, 0, 1, 0, 0, 0, 0, 1, 3, 0, 0, 3, 0, 1, 2, 0, 1, 0, 0, 0, 0, 0, 3, 1, 3, 2, 3, 0, 0, 3, 0, 1, 0, 0, 0, 3, 0, 0, 0], "57": [0.0, 1.0, 0.0, 0.0, 0.0, 0.0, 1.0, 1.0, 0.0, 0.0, 0.0, 0.0, 0.0, 1.0, 0.0, 0.0, 0.0, 0.0, 0.0, 3.0, 0.0, 0.0, 0, 0, 2, 2, 0, 3, 1, 3, 1, 0, 3, 1, 0, 3, 3, 3, 0, 0, 2, 3, 0, 0, 1, 0, 3, 3, 1, 0, 0, 2, 0, 3, 3, 0, 0, 0, 0, 0, 0, 1, 0, 0, 1, 0, 0, 1, 0, 3, 3, 0, 0, 0, 3, 1, 0, 3, 1, 0, 0, 1, 0, 0, 0, 1, 2, 3, 0, 1, 0, 0, 1, 1, 0, 0, 2, 0, 1, 0, 0, 0], "58": [0.0, 0.0, 0.0, 2.0, 0.0, 0.0, 1.0, 0.0, 0.0, 1.0, 0.0, 2.0, 1.0, 0.0, 0, 0, 3, 2, 0, 0, 0, 0, 2, 0, 0, 0, 0, 1, 0, 1, 2, 2, 0, 0, 0, 0, 0, 0, 1, 0, 3, 3, 0, 0, 0, 2, 0, 0, 3, 0, 0, 1, 0, 0, 3, 0, 0, 0, 1, 0, 0, 1, 2, 0, 3, 0, 0, 2, 3, 1, 0, 2, 0, 0, 0, 0, 1, 0, 0, 0, 0, 0, 1, 2, 0, 3, 0, 0, 0, 0, 0, 0, 2, 3], "59": [0.0, 0.0, 3.0, 0.0, 0.0, 1.0, 2.0, 0.0, 0.0, 0.0, 0.0, 0.0, 0.0, 0.0, 0.0, 0.0, 0.0, 0.0, 0.0, 2, 0, 0, 2, 0, 0, 0, 0, 0, 1, 0, 0, 0, 0, 0, 0, 1, 2, 0, 2, 3, 0, 1, 0, 0, 3, 3, 0, 0, 0, 0, 0, 0, 1, 3, 3, 3, 0, 1, 0, 0, 0, 0, 0, 0, 0, 1, 3, 0, 2, 0, 0, 0, 0, 0, 0, 0, 0, 0, 0, 0, 0, 0, 0, 0, 0, 0, 0, 3, 0, 0, 0, 0, 0, 3, 0, 3, 0, 0, 0], "60": [0.0, 0.0, 0.0, 0.0, 1.0, 0.0, 1.0, 2.0, 1.0, 0.0, 0.0, 3.0, 0.0, 2.0, 0.0, 1.0, 0.0, 0.0, 1.0, 0.0, 0.0, 0.0, 3, 0, 0, 0, 0, 0, 0, 0, 1, 0, 0, 0, 0, 1, 3, 3, 0, 0, 0, 0, 0, 0, 2, 0, 2, 3, 0, 0, 0, 0, 0, 2, 3, 0, 3, 0, 0, 0, 1, 0, 2, 1, 0, 0, 0, 0, 0, 0, 0, 1, 0, 1, 0, 0, 1, 2, 0, 0, 0, 3, 0, 3, 0, 0, 1, 0, 1, 3, 1, 0, 2, 1, 1, 2, 0, 1, 0, 0, 3, 0], "61": [1.0, 0.0, 0.0, 0.0, 0.0, 0.0, 0.0, 0.0, 0.0, 0.0, 3.0, 0.0, 0.0, 0.0, 1.0, 2.0, 1.0, 0.0, 0.0, 3.0, 0.0, 3.0, 3.0, 0.0, 0.0, 0.0, 3.0, 0, 0, 0, 3, 0, 0, 0, 0, 3, 0, 0, 3, 0, 0, 0, 0, 1, 3, 1, 0, 0, 0, 0, 0, 0, 0, 3, 0, 0, 0, 1, 0, 0, 0, 0, 0, 0, 0, 0, 0, 0, 0, 0, 0, 0, 0, 0, 3, 3, 3, 1, 0, 0, 0, 0, 0, 0, 1, 1, 0, 0, 0, 0, 0, 0, 0, 0, 0, 0, 0, 0, 0, 0, 3, 0, 0, 0, 0, 0, 0], "62": [0.0, 0.0, 0.0, 0.0, 0.0, 0.0, 0.0, 1.0, 0.0, 2.0, 0.0, 0.0, 0.0, 0.0, 0, 0, 1, 0, 3, 0, 3, 0, 1, 1, 1, 0, 0, 0, 0, 0, 0, 0, 3, 3, 0, 3, 0, 0, 0, 0, 1, 0, 0, 0, 0, 3, 0, 0, 0, 0, 0, 3, 1, 0, 0, 0, 1, 0, 2, 0, 0, 1, 0, 0, 0, 0, 0, 0, 0, 0, 0, 0, 0, 3, 0, 0, 0, 0, 0, 0, 0, 0, 0, 0, 2, 2, 0, 0, 0, 0, 0, 3, 2, 1], "63": [0.0, 0.0, 3.0, 2.0, 0.0, 0.0, 0.0, 1.0, 0.0, 0.0, 0.0, 0.0, 0.0, 0.0, 0.0, 0.0, 0.0, 0.0, 0.0, 0.0, 0.0, 0.0, 0.0, 1.0, 0.0, 0.0, 0.0, 0.0, 3.0, 0.0, 1, 0, 0, 1, 3, 0, 3, 0, 2, 3, 0, 2, 3, 3, 1, 3, 2, 1, 0, 0, 1, 3, 0, 0, 0, 0, 0, 1, 0, 3, 3, 3, 0, 0, 1, 0, 0, 0, 0, 3, 0, 0, 0, 1, 3, 3, 0, 0, 0, 0, 1, 0, 0, 3, 0, 0, 2, 2, 0, 0, 0, 0, 0, 0, 0, 0, 0, 0, 0, 1, 0, 0, 0, 0, 0, 0, 1, 0, 0, 0], "64": [0.0, 2.0, 1.0, 0.0, 0.0, 2.0, 0.0, 0.0, 3.0, 0.0, 0.0, 1.0, 0.0, 0.0, 1.0, 1.0, 0.0, 1.0, 0.0, 0.0, 0.0, 3.0, 0.0, 0.0, 0.0, 1.0, 0.0, 0.0, 3.0, 0.0, 0, 0, 0, 0, 0, 0, 3, 1, 0, 0, 0, 0, 0, 0, 0, 0, 1, 0, 0, 1, 2, 0, 0, 0, 0, 3, 1, 0, 0, 0, 0, 0, 0, 3, 3, 0, 0, 1, 3, 0, 0, 0, 0, 0, 3, 0, 3, 0, 1, 0, 0, 0, 0, 0, 3, 0, 1, 0, 1, 0, 0, 0, 0, 3, 0, 0, 0, 3, 0, 0, 0, 0, 0, 2, 3, 0, 0, 0, 0, 0], "65": [0.0, 1.0, 0.0, 0.0, 0.0, 0.0, 3.0, 0.0, 0.0, 0.0, 0.0, 3.0, 0.0, 3.0, 2.0, 0.0, 0.0, 0.0, 0.0, 0.0, 0.0, 1.0, 0.0, 0.0, 1.0, 0.0, 3.0, 2.0, 0.0, 0, 0, 0, 0, 2, 0, 1, 0, 0, 1, 0, 0, 0, 0, 0, 2, 0, 1, 0, 0, 2, 1, 0, 3, 0, 2, 0, 1, 0, 3, 0, 0, 1, 3, 0, 0, 0, 0, 1, 1, 0, 0, 0, 0, 0, 0, 0, 0, 0, 0, 3, 3, 0, 0, 1, 0, 0, 0, 0, 1, 0, 2, 0, 0, 0, 0, 0, 0, 0, 0, 0, 0, 0, 1, 2, 0, 0, 0, 0, 0], "66": [0.0, 0.0, 0.0, 3.0, 1.0, 3.0, 1.0, 0.0, 0.0, 0.0, 0.0, 0.0, 0.0, 3.0, 0.0, 0.0, 0.0, 0.0, 0.0, 2.0, 0.0, 3.0, 0.0, 1.0, 3.0, 0.0, 0.0, 0.0, 3.0, 0, 1, 2, 3, 0, 0, 0, 0, 0, 0, 2, 0, 0, 0, 0, 0, 0, 0, 0, 1, 0, 0, 2, 0, 3, 2, 2, 0, 0, 0, 0, 0, 2, 0, 1, 0, 0, 0, 0, 0, 1, 0, 0, 3, 0, 0, 0, 0, 3, 0, 0, 0, 3, 0, 0, 0, 0, 2, 0, 3, 0, 0, 0, 1, 0, 0, 0, 0, 3, 3, 1, 2, 0, 0, 1, 0, 3, 3, 0, 0], "67": [0.0, 0.0, 0.0, 0.0, 2.0, 3.0, 3.0, 0.0, 0.0, 0.0, 1.0, 0.0, 1.0, 1.0, 0.0, 0.0, 3.0, 3.0, 3.0, 1.0, 0.0, 0.0, 3, 3, 2, 0, 0, 0, 0, 0, 0, 0, 3, 0, 0, 0, 1, 3, 0, 0, 0, 0, 0, 0, 0, 3, 1, 0, 1, 1, 0, 0, 0, 0, 0, 3, 2, 0, 0, 0, 0, 0, 0, 0, 0, 0, 0, 0, 0, 0, 3, 0, 0, 0, 3, 0, 0, 0, 0, 3, 0, 0, 0, 1, 0, 3, 0, 0, 0, 0, 0, 0, 1, 3, 0, 0, 0, 0, 1, 0, 0, 0], "68": [1.0, 0.0, 0.0, 0.0, 0.0, 0.0, 0.0, 2.0, 0.0, 0.0, 0.0, 0.0, 0.0, 0, 0, 0, 0, 0, 0, 0, 0, 0, 1, 0, 0, 0, 1, 0, 0, 0, 3, 0, 0, 0, 0, 0, 0, 3, 0, 1, 1, 0, 0, 0, 3, 0, 0, 2, 0, 0, 0, 1, 2, 0, 1, 0, 3, 0, 2, 0, 0, 3, 0, 0, 0, 0, 2, 0, 0, 0, 0, 0, 0, 0, 0, 3, 0, 0, 0, 0, 0, 0, 1, 2, 0, 0, 0, 0, 1, 0, 1, 0, 0], "69": [0.0, 0.0, 0.0, 2.0, 0.0, 0.0, 0.0, 0.0, 1.0, 3.0, 0.0, 0.0, 3.0, 0.0, 0.0, 2.0, 0.0, 0, 0, 0, 0, 0, 1, 1, 0, 0, 0, 3, 0, 3, 0, 0, 0, 2, 0, 3, 0, 0, 2, 0, 1, 0, 0, 0, 0, 0, 0, 0, 0, 3, 3, 2, 0, 1, 0, 2, 0, 0, 0, 0, 1, 0, 0, 0, 0, 0, 3, 2, 0, 0, 3, 0, 0, 0, 3, 2, 3, 3, 0, 3, 3, 0, 3, 0, 3, 0, 0, 2, 0, 0, 0, 0, 2, 1, 0, 2, 0], "70": [0.0, 1.0, 1.0, 1.0, 1.0, 0.0, 0.0, 0.0, 2.0, 0.0, 3.0, 3.0, 3.0, 0.0, 0.0, 0.0, 0.0, 3.0, 0.0, 3.0, 0.0, 0.0, 0.0, 0.0, 3.0, 2, 0, 0, 3, 0, 3, 0, 3, 2, 0, 2, 3, 3, 3, 0, 3, 2, 0, 1, 0, 0, 3, 0, 0, 0, 0, 0, 1, 0, 0, 3, 0, 0, 3, 3, 0, 0, 0, 0, 3, 0, 0, 3, 1, 0, 0, 0, 0, 1, 0, 0, 0, 0, 3, 0, 1, 3, 2, 0, 0, 0, 2, 0, 2, 0, 3, 1, 0, 0, 1, 1, 0, 2, 3, 0, 0, 3, 1, 0, 0], "71": [0.0, 0.0, 3.0, 2.0, 0.0, 0.0, 1.0, 2.0, 1.0, 1.0, 3.0, 2.0, 0.0, 3.0, 0.0, 0.0, 1.0, 0.0, 0.0, 0.0, 0.0, 1.0, 1.0, 0, 0, 0, 0, 0, 0, 3, 0, 2, 3, 3, 0, 3, 2, 0, 1, 2, 0, 0, 0, 0, 3, 0, 0, 1, 0, 1, 0, 1, 0, 0, 0, 0, 0, 3, 0, 0, 0, 0, 3, 3, 0, 1, 0, 0, 2, 0, 3, 0, 1, 0, 0, 0, 0, 0, 0, 0, 2, 3, 0, 2, 3, 1, 0, 0, 0, 0, 0, 0, 0, 0, 0, 2, 0, 0, 0, 0, 0, 0, 0], "72": [1.0, 0.0, 0.0, 2.0, 0.0, 0.0, 2.0, 3.0, 1.0, 0.0, 0.0, 0.0, 0.0, 0.0, 3.0, 0.0, 0.0, 0.0, 0.0, 0.0, 0.0, 0.0, 2, 0, 0, 0, 3, 0, 0, 0, 0, 0, 0, 3, 3, 1, 0, 0, 1, 0, 0, 2, 0, 0, 0, 1, 1, 0, 1, 3, 0, 0, 0, 0, 0, 0, 0, 0, 0, 2, 2, 0, 2, 0, 3, 0, 0, 1, 0, 0, 0, 0, 2, 0, 0, 0, 0, 0, 3, 1, 3, 0, 3, 0, 0, 0, 0, 0, 0, 0, 0, 0, 3, 1, 0, 0, 0, 3, 2, 1, 3, 1], "73": [0.0, 3.0, 0.0, 1.0, 0.0, 1.0, 1.0, 3.0, 0.0, 0.0, 0.0, 0.0, 0.0, 0.0, 0.0, 0.0, 0.0, 1.0, 0.0, 3.0, 0.0, 0.0, 0.0, 0.0, 1.0, 0.0, 0.0, 1.0, 0.0, 0, 3, 3, 0, 3, 0, 0, 0, 0, 0, 1, 0, 0, 0, 1, 0, 3, 0, 0, 3, 0, 0, 0, 1, 0, 1, 0, 0, 0, 0, 0, 0, 3, 0, 1, 3, 0, 0, 3, 0, 0, 0, 3, 1, 0, 0, 3, 2, 0, 3, 0, 0, 0, 1, 0, 0, 1, 0, 3, 2, 0, 3, 3, 0, 0, 0, 2, 1, 0, 0, 0, 0, 0, 0, 0, 1, 1, 0, 0, 0], "74": [0.0, 0.0, 1.0, 3.0, 0.0, 0.0, 0.0, 0.0, 1.0, 1.0, 0.0, 0.0, 2.0, 0.0, 0.0, 2.0, 0.0, 0.0, 0.0, 0.0, 1, 0, 1, 2, 0, 3, 0, 0, 0, 0, 0, 0, 0, 3, 0, 0, 3, 0, 0, 0, 0, 1, 0, 0, 0, 2, 3, 3, 0, 0, 0, 0, 0, 0, 0, 0, 0, 0, 1, 0, 0, 1, 0, 2, 0, 0, 3, 0, 0, 0, 0, 0, 1, 0, 0, 0, 1, 0, 0, 0, 0, 0, 0, 3, 1, 0, 0, 0, 0, 0, 0, 0, 0, 0, 0, 0, 1, 0, 0, 3], "75": [1.0, 0.0, 0.0, 0.0, 0.0, 3.0, 0.0, 3.0, 2.0, 3.0, 0.0, 0.0, 0.0, 0.0, 0.0, 0.0, 1.0, 1.0, 0.0, 0.0, 0.0, 0.0, 0, 0, 0, 1, 0, 0, 0, 0, 0, 0, 0, 1, 3, 0, 2, 1, 3, 0, 0, 0, 3, 0, 0, 1, 1, 0, 0, 0, 0, 0, 0, 0, 2, 0, 2, 0, 0, 0, 0, 1, 3, 0, 0, 0, 0, 1, 3, 0, 3, 0, 0, 0, 0, 3, 2, 1, 0, 0, 0, 0, 2, 0, 0, 0, 0, 0, 0, 0, 1, 0, 2, 0, 1, 0, 0, 0, 2, 3, 1, 2], "76": [0.0, 0.0, 3.0, 1.0, 0.0, 0.0, 0.0, 3.0, 0.0, 2.0, 0.0, 0.0, 1.0, 1.0, 0.0, 3, 0, 0, 0, 0, 0, 3, 3, 0, 0, 0, 0, 3, 1, 0, 0, 0, 1, 0, 0, 3, 0, 0, 3, 0, 2, 0, 0, 0, 0, 0, 3, 0, 2, 0, 1, 2, 0, 0, 3, 0, 3, 0, 0, 1, 2, 0, 1, 0, 2, 1, 1, 0, 0, 0, 3, 0, 0, 1, 0, 2, 0, 0, 0, 0, 3, 0, 0, 3, 0, 0, 0, 0, 0, 0, 0, 0, 0, 0, 0], "77": [0.0, 0.0, 0.0, 0.0, 1.0, 3.0, 0.0, 3.0, 0.0, 0.0, 3.0, 0.0, 1.0, 0.0, 0.0, 0.0, 0.0, 0.0, 1.0, 3.0, 0.0, 0.0, 0.0, 0, 0, 3, 3, 0, 0, 0, 1, 0, 0, 0, 0, 0, 3, 3, 1, 0, 3, 2, 3, 0, 3, 3, 3, 0, 0, 3, 0, 0, 1, 0, 0, 2, 0, 3, 1, 0, 3, 3, 0, 0, 1, 1, 0, 0, 3, 1, 2, 3, 0, 1, 0, 0, 0, 0, 1, 1, 0, 3, 0, 1, 2, 1, 0, 1, 0, 0, 0, 0, 1, 2, 3, 0, 0, 0, 0, 0, 0, 0, 2], "78": [0.0, 0.0, 0.0, 0.0, 1.0, 0.0, 0.0, 2.0, 0.0, 0.0, 0.0, 1.0, 0.0, 3.0, 0.0, 3.0, 1.0, 3.0, 3.0, 0.0, 0.0, 0.0, 2, 0, 0, 1, 3, 0, 0, 0, 0, 0, 0, 0, 2, 0, 0, 0, 0, 0, 0, 0, 1, 1, 1, 3, 3, 3, 0, 3, 2, 0, 0, 1, 1, 0, 0, 0, 3, 0, 0, 0, 3, 1, 3, 0, 1, 1, 0, 3, 3, 0, 0, 0, 0, 0, 2, 0, 0, 0, 0, 0, 0, 0, 0, 0, 0, 0, 3, 1, 0, 0, 2, 3, 0, 0, 1, 3, 1, 0, 3, 3], "79": [0.0, 1.0, 0.0, 0.0, 1.0, 0.0, 0.0, 3.0, 3.0, 0.0, 0.0, 0.0, 0.0, 0.0, 2.0, 0.0, 0.0, 2.0, 0.0, 3, 1, 2, 0, 1, 0, 0, 0, 2, 3, 0, 2, 1, 0, 1, 2, 1, 0, 0, 3, 3, 0, 0, 2, 1, 0, 1, 0, 0, 1, 1, 0, 0, 0, 1, 0, 0, 1, 0, 2, 3, 2, 3, 3, 2, 1, 2, 0, 1, 0, 0, 0, 3, 2, 3, 0, 0, 3, 0, 0, 0, 0, 0, 1, 0, 0, 1, 3, 1, 0, 3, 0, 0, 3, 0, 3, 1, 0, 0, 0], "80": [2.0, 0.0, 1.0, 0.0, 0.0, 0.0, 0.0, 0.0, 0.0, 0.0, 0.0, 0.0, 1.0, 0.0, 0.0, 2.0, 1.0, 3.0, 0.0, 1.0, 0.0, 0, 3, 2, 0, 3, 1, 0, 0, 0, 0, 0, 0, 0, 0, 0, 0, 0, 3, 1, 1, 0, 0, 0, 0, 0, 0, 0, 1, 0, 0, 2, 0, 0, 0, 3, 2, 0, 3, 1, 0, 0, 3, 0, 0, 1, 0, 0, 0, 3, 3, 0, 0, 0, 0, 0, 0, 3, 1, 3, 0, 1, 0, 3, 1, 0, 2, 0, 0, 1, 0, 2, 0, 0, 0, 0, 0, 0, 0, 0, 1], "81": [0.0, 0.0, 0.0, 0.0, 3.0, 3.0, 0.0, 0.0, 3.0, 0.0, 0.0, 0.0, 0.0, 1, 3, 0, 0, 1, 3, 0, 3, 0, 2, 0, 0, 1, 2, 0, 0, 2, 3, 0, 0, 0, 0, 0, 1, 1, 0, 0, 2, 2, 0, 3, 3, 0, 0, 0, 1, 0, 0, 2, 0, 3, 0, 2, 1, 0, 0, 0, 0, 0, 2, 3, 1, 0, 0, 0, 0, 0, 0, 0, 0, 0, 2, 0, 2, 0, 1, 2, 0, 0, 0, 0, 2, 2, 0, 0, 0, 1, 0, 2, 3], "82": [0.0, 2.0, 0.0, 0.0, 2.0, 2.0, 0.0, 0.0, 0.0, 0.0, 0.0, 0.0, 0.0, 0.0, 0, 0, 0, 0, 3, 0, 0, 0, 1, 0, 0, 3, 0, 0, 2, 0, 0, 0, 0, 0, 3, 0, 0, 0, 1, 0, 0, 0, 3, 0, 1, 2, 0, 0, 0, 0, 3, 0, 0, 0, 1, 2, 0, 0, 1, 1, 0, 2, 0, 0, 0, 0, 3, 0, 3, 1, 0, 0, 0, 1, 2, 0, 0, 0, 0, 3, 0, 1, 0, 0, 0, 0, 0, 0, 1, 1, 2, 0, 0, 0], "83": [3.0, 0.0, 0.0, 3.0, 3.0, 0.0, 0.0, 0.0, 0.0, 0.0, 1.0, 0.0, 0.0, 0.0, 1.0, 0.0, 0.0, 0.0, 0.0, 0.0, 3, 2, 3, 0, 0, 0, 3, 0, 0, 0, 0, 0, 0, 0, 0, 2, 1, 0, 0, 0, 0, 0, 0, 1, 0, 0, 2, 3, 1, 0, 3, 2, 0, 1, 0, 3, 0, 0, 1, 3, 0, 0, 0, 0, 0, 0, 2, 0, 3, 1, 0, 0, 0, 0, 0, 1, 0, 1, 0, 0, 2, 0, 2, 0, 0, 1, 0, 1, 0, 2, 3, 0, 3, 0, 0, 0, 0, 0, 0, 0], "84": [0.0, 0.0, 0.0, 2.0, 0.0, 0.0, 0.0, 0.0, 0.0, 3.0, 0.0, 3.0, 0.0, 0.0, 0.0, 0.0, 0.0, 0.0, 0.0, 0.0, 0, 0, 1, 0, 0, 1, 0, 0, 1, 0, 0, 1, 0, 0, 3, 0, 0, 0, 0, 0, 0, 0, 0, 2, 1, 2, 2, 0, 0, 2, 0, 0, 3, 0, 0, 0, 1, 0, 1, 1, 0, 0, 3, 1, 0, 1, 1, 0, 0, 0, 0, 0, 0, 0, 0, 0, 0, 0, 0, 0, 0, 1, 0, 2, 2, 1, 3, 0, 0, 3, 0, 3, 3, 2, 0, 3, 0, 0, 0, 0], "85": [0.0, 0.0, 0.0, 0.0, 0.0, 0.0, 0.0, 2.0, 0.0, 0.0, 0.0, 0.0, 3.0, 0.0, 0, 0, 0, 0, 0, 0, 0, 0, 0, 1, 0, 0, 0, 0, 3, 0, 0, 0, 0, 0, 0, 0, 0, 0, 0, 0, 2, 0, 0, 0, 0, 2, 2, 0, 0, 0, 0, 0, 1, 1, 0, 3, 3, 1, 0, 2, 1, 0, 0, 0, 0, 3, 1, 2, 2, 0, 3, 0, 0, 3, 1, 0, 0, 1, 1, 0, 1, 1, 0, 0, 2, 3, 0, 0, 0, 0, 3, 0, 3, 1], "86": [1.0, 0.0, 3.0, 1.0, 0.0, 0.0, 1.0, 0.0, 1.0, 1.0, 0.0, 3.0, 1.0, 1.0, 0.0, 0.0, 1.0, 0.0, 0.0, 3, 1, 2, 0, 3, 0, 0, 0, 0, 0, 3, 1, 3, 0, 1, 0, 0, 0, 0, 0, 0, 1, 0, 0, 0, 0, 2, 2, 3, 1, 0, 0, 0, 3, 0, 3, 0, 0, 0, 0, 0, 0, 0, 3, 0, 0, 0, 0, 3, 3, 0, 0, 1, 1, 0, 0, 0, 3, 1, 1, 0, 0, 0, 3, 0, 1, 3, 0, 0, 0, 0, 3, 3, 3, 0, 0, 0, 2, 0, 0], "87": [0.0, 1.0, 2.0, 2.0, 0.0, 0.0, 1.0, 0.0, 1.0, 0.0, 0.0, 0.0, 0.0, 0.0, 1.0, 0.0, 0.0, 1.0, 0.0, 0.0, 0.0, 1.0, 3.0, 0.0, 3.0, 0.0, 3.0, 2.0, 0, 0, 0, 0, 0, 0, 3, 0, 0, 0, 2, 3, 0, 3, 0, 0, 3, 0, 0, 0, 0, 2, 1, 0, 0, 3, 3, 2, 0, 0, 0, 0, 0, 0, 0, 3, 1, 0, 0, 2, 0, 0, 1, 0, 0, 0, 0, 1, 0, 0, 1, 0, 0, 0, 2, 0, 3, 0, 1, 0, 0, 1, 0, 0, 0, 0, 0, 0, 0, 3, 0, 1, 0, 0, 3, 0, 3, 0, 2, 1], "88": [0.0, 1.0, 0.0, 0.0, 0.0, 0.0, 1.0, 3.0, 0.0, 3.0, 0.0, 0.0, 0.0, 0.0, 0.0, 3.0, 0.0, 1.0, 0.0, 0.0, 3, 0, 0, 3, 0, 1, 3, 0, 3, 0, 0, 0, 3, 0, 3, 2, 3, 3, 2, 0, 0, 0, 1, 0, 1, 0, 0, 0, 0, 0, 3, 0, 3, 0, 0, 0, 0, 3, 0, 2, 0, 0, 0, 0, 0, 3, 0, 2, 3, 0, 0, 3, 0, 0, 0, 3, 3, 0, 3, 3, 0, 3, 3, 0, 1, 2, 0, 0, 0, 0, 0, 0, 0, 0, 0, 3, 0, 3, 1, 0], "89": [3.0, 0.0, 0.0, 1.0, 3.0, 0.0, 3.0, 0.0, 3.0, 1.0, 2.0, 0.0, 0.0, 0.0, 0.0, 0.0, 2.0, 0.0, 1.0, 0.0, 0.0, 0, 0, 0, 3, 1, 0, 0, 0, 0, 0, 3, 3, 0, 1, 2, 3, 0, 0, 0, 1, 0, 0, 0, 0, 0, 0, 0, 3, 3, 0, 0, 3, 3, 0, 1, 0, 0, 0, 0, 0, 3, 0, 3, 3, 0, 3, 1, 0, 3, 1, 0, 0, 0, 1, 0, 0, 0, 0, 0, 0, 0, 3, 0, 0, 0, 0, 0, 0, 2, 2, 2, 0, 1, 0, 0, 2, 0, 3, 3, 0], "90": [0.0, 0.0, 0.0, 1.0, 0.0, 0.0, 0.0, 0.0, 0.0, 0.0, 0.0, 0.0, 0.0, 0.0, 0.0, 0.0, 0.0, 1.0, 0.0, 0.0, 0.0, 3.0, 0.0, 0.0, 0.0, 0.0, 3.0, 1.0, 0.0, 1.0, 0, 0, 0, 0, 0, 0, 0, 0, 1, 1, 0, 0, 0, 3, 0, 0, 0, 0, 3, 0, 0, 0, 1, 0, 0, 0, 0, 3, 0, 1, 0, 2, 0, 0, 2, 0, 0, 0, 0, 1, 2, 2, 0, 0, 0, 0, 0, 0, 3, 1, 0, 0, 0, 2, 3, 3, 3, 0, 0, 1, 1, 2, 2, 0, 0, 2, 0, 0, 1, 0, 2, 0, 3, 3, 1, 0, 0, 3, 0, 1], "91": [3.0, 3.0, 1.0, 0.0, 0.0, 2.0, 1.0, 0.0, 3.0, 2.0, 0.0, 0.0, 0.0, 0.0, 0.0, 2.0, 0.0, 0.0, 0.0, 1.0, 2.0, 0.0, 3.0, 0.0, 0, 0, 0, 0, 0, 0, 0, 2, 0, 0, 0, 0, 0, 0, 0, 0, 0, 0, 0, 0, 2, 0, 0, 3, 0, 1, 0, 2, 0, 0, 0, 0, 0, 0, 0, 0, 1, 0, 0, 0, 2, 0, 3, 0, 0, 3, 0, 0, 1, 0, 3, 0, 0, 0, 0, 1, 1, 2, 3, 1, 0, 0, 0, 1, 2, 0, 3, 0, 0, 1, 0, 0, 0, 0, 0, 0, 1, 1, 0, 0], "92": [0.0, 0.0, 0.0, 0.0, 3.0, 2.0, 0.0, 2.0, 0.0, 0.0, 0.0, 0.0, 3.0, 0.0, 0.0, 0.0, 0.0, 0.0, 0.0, 0.0, 0, 0, 0, 3, 0, 0, 0, 0, 0, 3, 0, 0, 0, 0, 0, 0, 0, 2, 0, 2, 3, 0, 1, 0, 0, 0, 0, 0, 1, 1, 3, 0, 0, 2, 0, 0, 0, 2, 0, 1, 0, 0, 0, 0, 1, 0, 0, 0, 0, 2, 0, 0, 3, 2, 1, 1, 3, 2, 0, 3, 0, 0, 1, 0, 1, 3, 0, 1, 0, 0, 0, 1, 0, 2, 0, 0, 0, 0, 0, 0], "93": [0.0, 0.0, 0.0, 1.0, 0.0, 0.0, 0.0, 0.0, 0.0, 0.0, 0.0, 1.0, 1.0, 0.0, 0.0, 0.0, 1.0, 0.0, 2.0, 0.0, 0.0, 0, 0, 2, 1, 3, 0, 0, 0, 0, 2, 1, 1, 3, 0, 0, 0, 0, 3, 1, 3, 3, 0, 3, 0, 0, 3, 0, 0, 0, 3, 3, 3, 1, 2, 0, 1, 0, 0, 3, 1, 2, 0, 0, 3, 3, 0, 0, 0, 3, 3, 1, 0, 1, 0, 0, 2, 3, 0, 0, 0, 3, 0, 0, 0, 0, 0, 0, 0, 0, 3, 0, 0, 1, 2, 2, 1, 3, 3, 2, 0], "94": [1.0, 0.0, 0.0, 0.0, 0.0, 0.0, 0.0, 0.0, 3.0, 2.0, 0.0, 3.0, 3.0, 0, 0, 0, 0, 0, 0, 0, 0, 0, 0, 1, 3, 0, 0, 0, 3, 1, 0, 0, 0, 0, 0, 0, 0, 0, 0, 0, 3, 0, 1, 3, 0, 0, 0, 0, 0, 1, 3, 0, 0, 0, 0, 0, 0, 0, 0, 3, 0, 3, 1, 0, 0, 1, 1, 0, 0, 1, 3, 0, 0, 2, 1, 2, 0, 1, 1, 2, 0, 2, 1, 0, 0, 1, 2, 0, 0, 0, 3, 0, 0], "95": [0.0, 3.0, 1.0, 1.0, 3.0, 0.0, 0.0, 0.0, 0.0, 2.0, 2.0, 0.0, 0.0, 3.0, 0.0, 0.0, 0.0, 0.0, 0, 2, 0, 0, 0, 2, 0, 0, 3, 0, 0, 3, 0, 0, 1, 0, 0, 0, 2, 0, 0, 0, 0, 0, 0, 2, 1, 0, 3, 0, 0, 0, 1, 3, 1, 0, 3, 0, 3, 3, 2, 0, 0, 1, 0, 0, 0, 0, 0, 0, 0, 0, 1, 0, 0, 1, 1, 3, 0, 0, 0, 0, 0, 1, 0, 0, 1, 3, 3, 2, 0, 2, 0, 0, 0, 0, 1, 0, 0, 0], "96": [0.0, 0.0, 3.0, 0.0, 0.0, 0.0, 0.0, 0.0, 0.0, 0.0, 1.0, 0.0, 0.0, 0.0, 3.0, 3.0, 0.0, 0.0, 0.0, 0.0, 0.0, 0.0, 0.0, 0.0, 0.0, 0.0, 1, 0, 3, 0, 0, 0, 0, 3, 1, 0, 0, 0, 0, 0, 0, 0, 1, 1, 2, 0, 1, 0, 0, 0, 3, 1, 3, 0, 0, 0, 1, 0, 0, 0, 2, 0, 0, 0, 0, 0, 0, 0, 0, 3, 0, 0, 0, 0, 0, 0, 1, 0, 1, 1, 3, 0, 0, 0, 1, 0, 1, 0, 0, 0, 3, 0, 0, 0, 3, 0, 0, 0, 0, 1, 0, 0, 0, 0, 0, 0], "97": [0.0, 1.0, 0.0, 0.0, 0.0, 1.0, 0.0, 0.0, 0.0, 0.0, 0.0, 1.0, 2.0, 0.0, 3.0, 0.0, 0.0, 1.0, 0, 2, 3, 0, 1, 0, 0, 0, 0, 3, 0, 3, 0, 0, 3, 1, 0, 0, 0, 0, 0, 0, 0, 0, 0, 0, 3, 2, 3, 0, 0, 3, 3, 0, 0, 0, 1, 1, 0, 1, 3, 3, 0, 0, 0, 0, 0, 0, 1, 0, 0, 0, 0, 0, 0, 0, 0, 3, 0, 1, 0, 0, 0, 0, 1, 3, 1, 0, 3, 0, 1, 2, 3, 2, 0, 0, 0, 0, 0, 1], "98": [0.0, 0.0, 0.0, 1.0, 1.0, 0.0, 0.0, 1.0, 0.0, 2.0, 0.0, 0.0, 1.0, 0.0, 0.0, 0.0, 0.0, 3.0, 0.0, 0.0, 0.0, 3.0, 3.0, 0.0, 2.0, 0.0, 2.0, 0, 0, 1, 1, 1, 0, 0, 0, 1, 3, 0, 1, 0, 0, 2, 0, 1, 0, 0, 3, 0, 1, 0, 0, 2, 0, 0, 2, 0, 0, 0, 0, 2, 1, 3, 0, 3, 0, 0, 0, 2, 3, 1, 3, 1, 0, 0, 0, 0, 0, 0, 0, 0, 0, 0, 2, 1, 0, 1, 1, 0, 0, 3, 1, 3, 2, 1, 0, 1, 3, 1, 3, 0, 0, 0, 1, 0, 1, 0, 0], "99": [0.0, 1.0, 3.0, 3.0, 0.0, 0.0, 0.0, 0.0, 0.0, 2.0, 2.0, 2.0, 1.0, 2.0, 2.0, 0.0, 3.0, 0.0, 0.0, 0.0, 1.0, 1.0, 3, 1, 0, 3, 0, 0, 2, 3, 0, 3, 1, 0, 2, 1, 0, 0, 1, 0, 0, 0, 1, 3, 0, 0, 0, 3, 3, 2, 1, 0, 0, 3, 3, 0, 0, 0, 0, 0, 0, 0, 2, 0, 1, 0, 0, 1, 3, 0, 2, 1, 0, 0, 3, 0, 0, 2, 0, 1, 0, 0, 0, 0, 2, 0, 0, 0, 0, 0, 1, 0, 0, 0, 1, 0, 0, 0, 0, 0, 3, 0], "100": [3.0, 0.0, 0.0, 1.0, 0.0, 0.0, 3.0, 1.0, 0.0, 1.0, 3.0, 0.0, 0.0, 0.0, 3.0, 0.0, 0, 1, 1, 0, 3, 0, 3, 0, 0, 0, 0, 0, 0, 3, 0, 0, 1, 0, 0, 1, 0, 0, 0, 2, 2, 0, 0, 0, 1, 2, 0, 0, 1, 3, 0, 3, 0, 0, 1, 0, 0, 0, 0, 0, 1, 3, 0, 0, 0, 0, 0, 0, 0, 0, 0, 0, 0, 0, 0, 1, 0, 0, 0, 1, 0, 0, 0, 1, 0, 0, 0, 0, 0, 0, 0, 0, 0, 2, 3, 0], "101": [0.0, 0.0, 1.0, 3.0, 0.0, 1.0, 2.0, 0.0, 0.0, 0.0, 3.0, 0.0, 3.0, 3.0, 0.0, 1, 0, 0, 1, 0, 0, 0, 0, 0, 0, 2, 2, 0, 0, 0, 0, 1, 0, 3, 0, 0, 0, 0, 0, 3, 0, 0, 0, 0, 0, 0, 1, 0, 0, 1, 1, 0, 0, 0, 0, 2, 0, 0, 0, 0, 3, 0, 2, 1, 0, 3, 0, 0, 0, 0, 0, 0, 0, 2, 1, 1, 0, 1, 3, 0, 0, 0, 1, 0, 0, 0, 0, 0, 3, 1, 0, 1, 0, 0, 3], "102": [0.0, 0.0, 2.0, 3.0, 3.0, 0.0, 3.0, 1.0, 0.0, 3.0, 3.0, 0.0, 0.0, 0.0, 0, 0, 0, 0, 0, 0, 0, 0, 0, 0, 3, 0, 0, 0, 0, 3, 0, 0, 0, 0, 2, 3, 0, 0, 0, 1, 0, 2, 0, 0, 0, 0, 1, 1, 0, 0, 0, 2, 0, 0, 0, 1, 0, 0, 1, 2, 0, 0, 0, 0, 0, 1, 3, 0, 0, 0, 0, 2, 1, 3, 2, 0, 1, 1, 0, 0, 0, 3, 0, 3, 3, 0, 0, 0, 1, 0, 0, 0, 0, 0], "103": [0.0, 0.0, 0.0, 3.0, 0.0, 0.0, 0.0, 0.0, 0.0, 1.0, 0.0, 0.0, 0.0, 0.0, 0.0, 3.0, 0.0, 0.0, 1.0, 0.0, 0.0, 0.0, 2.0, 3.0, 0.0, 0.0, 0.0, 2.0, 0, 1, 0, 0, 2, 0, 3, 0, 0, 0, 1, 3, 3, 0, 3, 0, 0, 0, 1, 1, 0, 0, 3, 3, 3, 3, 0, 0, 0, 3, 0, 0, 1, 1, 1, 1, 0, 0, 1, 0, 0, 0, 0, 0, 0, 0, 0, 0, 0, 0, 0, 1, 0, 0, 1, 0, 0, 0, 3, 3, 2, 0, 3, 1, 0, 3, 0, 0, 3, 0, 3, 1, 3, 3, 1, 2, 0, 2, 0, 3], "104": [3.0, 0.0, 0.0, 0.0, 0.0, 0.0, 0.0, 0.0, 0.0, 0.0, 0.0, 1.0, 1.0, 0.0, 0.0, 0.0, 1.0, 0.0, 0.0, 2.0, 3.0, 1, 0, 3, 0, 0, 0, 0, 0, 3, 0, 0, 0, 0, 0, 0, 1, 0, 0, 1, 3, 0, 0, 0, 2, 3, 0, 0, 1, 0, 1, 2, 0, 0, 0, 1, 1, 1, 0, 0, 0, 0, 3, 0, 0, 0, 0, 3, 1, 1, 0, 0, 0, 0, 2, 0, 0, 0, 0, 0, 0, 0, 0, 0, 0, 0, 0, 1, 0, 0, 0, 0, 0, 0, 0, 1, 0, 1, 0, 0, 0], "105": [0.0, 0.0, 0.0, 0.0, 2.0, 3.0, 0.0, 1.0, 0.0, 3.0, 0.0, 0.0, 0.0, 0.0, 1.0, 3.0, 0.0, 0.0, 0.0, 0.0, 0.0, 0.0, 0.0, 0.0, 0.0, 2, 1, 0, 0, 3, 0, 1, 0, 3, 0, 0, 1, 3, 0, 0, 3, 0, 1, 0, 0, 0, 0, 3, 3, 3, 0, 0, 1, 0, 0, 0, 0, 3, 0, 0, 0, 3, 0, 0, 3, 2, 1, 0, 1, 0, 0, 0, 3, 0, 2, 0, 1, 0, 3, 3, 0, 0, 3, 3, 0, 0, 1, 3, 0, 0, 3, 0, 3, 0, 0, 0, 0, 2, 2, 3, 0, 0, 0, 1, 0], "106": [0.0, 0.0, 0.0, 0.0, 0.0, 3.0, 0.0, 0.0, 1.0, 0.0, 0.0, 2.0, 2.0, 0.0, 0.0, 0.0, 0.0, 3.0, 1.0, 0.0, 3.0, 0.0, 0.0, 1, 1, 1, 0, 0, 0, 1, 3, 3, 0, 3, 3, 0, 0, 0, 0, 2, 0, 0, 1, 0, 0, 0, 0, 3, 3, 0, 3, 3, 0, 0, 0, 2, 3, 2, 2, 0, 3, 2, 0, 0, 0, 0, 0, 0, 1, 0, 0, 2, 0, 0, 0, 1, 0, 0, 3, 0, 0, 0, 3, 3, 0, 0, 0, 0, 0, 0, 0, 1, 1, 0, 0, 3, 1, 0, 0, 0, 0, 0, 0], "107": [0.0, 0.0, 0.0, 0.0, 0.0, 0.0, 3.0, 0.0, 0.0, 0.0, 0.0, 0.0, 0.0, 3.0, 2.0, 0.0, 0.0, 3.0, 0.0, 1.0, 1.0, 1.0, 3.0, 0, 0, 0, 0, 0, 2, 1, 3, 3, 0, 0, 1, 0, 0, 0, 3, 3, 1, 0, 0, 3, 2, 0, 0, 1, 0, 3, 2, 1, 0, 0, 0, 3, 1, 3, 0, 0, 0, 1, 1, 0, 0, 0, 1, 0, 3, 0, 0, 3, 0, 0, 0, 3, 3, 3, 0, 3, 1, 0, 0, 0, 0, 0, 3, 0, 0, 1, 0, 0, 0, 1, 0, 3, 3, 1, 1, 0, 0, 0, 0], "108": [0.0, 0.0, 0.0, 0.0, 0.0, 0.0, 1.0, 3.0, 0.0, 0.0, 0.0, 0.0, 0.0, 0.0, 2.0, 0.0, 0.0, 0.0, 1.0, 0.0, 3.0, 0, 0, 1, 1, 2, 0, 0, 0, 0, 0, 3, 0, 3, 0, 0, 0, 2, 0, 0, 0, 1, 0, 1, 0, 0, 0, 0, 2, 1, 3, 0, 3, 0, 0, 0, 0, 0, 0, 2, 1, 0, 0, 0, 0, 0, 0, 2, 1, 0, 0, 0, 0, 3, 0, 0, 0, 3, 0, 0, 0, 0, 0, 0, 0, 0, 0, 0, 0, 0, 0, 0, 1, 0, 0, 3, 0, 0, 0, 3, 0], "109": [0.0, 0.0, 0.0, 0.0, 0.0, 0.0, 1.0, 0.0, 2.0, 3.0, 2.0, 0.0, 0.0, 0.0, 0.0, 0.0, 0.0, 0.0, 0.0, 3, 0, 0, 0, 0, 0, 0, 1, 0, 0, 2, 0, 0, 0, 0, 0, 0, 0, 0, 2, 0, 1, 0, 1, 0, 0, 1, 1, 1, 0, 0, 0, 0, 1, 0, 0, 0, 0, 0, 0, 2, 0, 3, 3, 1, 0, 0, 0, 0, 0, 3, 1, 0, 3, 3, 0, 0, 1, 1, 0, 3, 2, 1, 1, 0, 0, 3, 0, 0, 0, 3, 2, 0, 0, 0, 0, 0, 0, 0, 0], "110": [0.0, 0.0, 0.0, 0.0, 0.0, 2.0, 2.0, 0.0, 0.0, 0.0, 0.0, 0.0, 0.0, 0.0, 0.0, 0.0, 0.0, 0.0, 0.0, 0.0, 0.0, 0.0, 1.0, 2.0, 0.0, 0.0, 0, 3, 0, 2, 1, 3, 1, 0, 0, 1, 0, 1, 0, 0, 3, 0, 3, 0, 3, 3, 0, 0, 0, 1, 0, 0, 2, 0, 0, 0, 0, 0, 3, 0, 0, 2, 0, 0, 0, 0, 0, 0, 3, 0, 0, 0, 0, 0, 1, 3, 0, 0, 0, 0, 1, 0, 0, 0, 2, 0, 0, 3, 0, 0, 0, 0, 1, 1, 0, 0, 1, 3, 0, 0, 0, 0, 0, 1, 0, 0], "111": [1.0, 0.0, 0.0, 0.0, 0.0, 0.0, 0.0, 0.0, 0.0, 3.0, 0.0, 0.0, 1.0, 0.0, 2.0, 0.0, 0.0, 3.0, 3.0, 0.0, 0.0, 0.0, 2.0, 0.0, 3.0, 0.0, 0.0, 2, 0, 1, 3, 0, 1, 0, 1, 0, 1, 0, 1, 0, 2, 0, 1, 2, 1, 3, 3, 0, 0, 2, 0, 0, 0, 0, 3, 0, 0, 0, 1, 0, 0, 0, 3, 0, 3, 1, 3, 0, 0, 0, 1, 0, 1, 0, 0, 0, 0, 0, 0, 3, 2, 0, 0, 0, 1, 2, 0, 0, 3, 0, 0, 0, 1, 1, 1, 2, 0, 1, 3, 0, 1, 0, 0, 0, 1, 2, 1], "112": [0.0, 1.0, 3.0, 0.0, 0.0, 0.0, 0.0, 1.0, 0.0, 1.0, 0.0, 0.0, 0.0, 0.0, 0.0, 3.0, 0.0, 3.0, 0.0, 0, 0, 3, 0, 0, 0, 0, 0, 1, 0, 3, 1, 0, 0, 0, 0, 0, 3, 0, 0, 0, 0, 3, 3, 1, 0, 0, 2, 0, 0, 1, 0, 0, 0, 0, 0, 0, 0, 3, 1, 0, 0, 1, 1, 3, 0, 0, 1, 0, 0, 0, 1, 2, 0, 0, 0, 0, 0, 2, 0, 0, 0, 0, 0, 0, 0, 0, 3, 2, 0, 0, 0, 2, 0, 0, 0, 1, 0, 0, 1], "113": [3.0, 0.0, 0.0, 0.0, 0.0, 1.0, 1.0, 3.0, 3.0, 0.0, 0.0, 0.0, 0.0, 0.0, 1.0, 0.0, 1, 2, 0, 1, 0, 0, 0, 1, 1, 0, 0, 0, 3, 0, 0, 0, 0, 1, 3, 0, 0, 0, 0, 3, 0, 0, 0, 0, 0, 0, 2, 0, 2, 0, 3, 0, 1, 2, 0, 0, 0, 0, 0, 0, 3, 2, 2, 0, 0, 0, 0, 2, 0, 3, 0, 2, 0, 1, 0, 3, 0, 0, 0, 3, 0, 1, 0, 0, 0, 0, 3, 0, 0, 0, 0, 2, 0, 0, 1, 3], "114": [0.0, 0.0, 0.0, 0.0, 0.0, 0.0, 0.0, 0.0, 0.0, 0.0, 0.0, 0.0, 0.0, 3.0, 0.0, 2.0, 0.0, 0.0, 0.0, 0.0, 0, 1, 1, 0, 0, 1, 1, 0, 0, 0, 0, 0, 0, 0, 0, 0, 3, 1, 1, 0, 3, 0, 2, 1, 0, 2, 0, 2, 0, 0, 3, 3, 3, 2, 0, 2, 0, 2, 0, 0, 0, 3, 0, 0, 0, 0, 0, 0, 0, 0, 0, 1, 1, 0, 1, 0, 0, 0, 0, 0, 0, 0, 0, 0, 2, 0, 0, 1, 1, 0, 0, 0, 1, 0, 0, 3, 3, 2, 0, 0], "115": [1.0, 0.0, 0.0, 3.0, 0.0, 0.0, 0.0, 0.0, 3.0, 0.0, 0.0, 3.0, 0.0, 1.0, 1, 0, 1, 0, 0, 0, 1, 0, 3, 0, 0, 0, 0, 0, 0, 0, 0, 0, 3, 0, 3, 1, 0, 0, 3, 0, 0, 1, 1, 0, 0, 0, 3, 0, 0, 0, 3, 0, 3, 1, 0, 3, 0, 0, 2, 1, 0, 0, 2, 0, 3, 0, 2, 2, 1, 0, 3, 0, 3, 3, 0, 0, 0, 0, 0, 0, 0, 0, 0, 3, 3, 0, 0, 0, 2, 3, 0, 3, 0, 0], "116": [0.0, 1.0, 0.0, 2.0, 0.0, 0.0, 0.0, 1.0, 0.0, 0.0, 0.0, 0.0, 0.0, 0.0, 1.0, 3.0, 3.0, 1.0, 0.0, 0.0, 0.0, 0.0, 0.0, 0.0, 1.0, 0.0, 3.0, 0.0, 2, 0, 0, 1, 0, 3, 2, 3, 0, 0, 0, 0, 0, 1, 0, 0, 0, 3, 1, 0, 0, 0, 0, 3, 0, 0, 0, 0, 2, 0, 0, 0, 2, 0, 1, 1, 0, 0, 0, 3, 0, 0, 0, 2, 0, 0, 0, 0, 0, 0, 1, 0, 2, 0, 0, 0, 0, 0, 2, 3, 0, 1, 0, 0, 0, 0, 3, 3, 0, 1, 3, 0, 3, 0, 0, 0, 3, 0, 0, 3], "117": [0.0, 3.0, 2.0, 0.0, 3.0, 0.0, 0.0, 2.0, 1.0, 1.0, 3.0, 0.0, 0.0, 0.0, 1.0, 0.0, 3.0, 0, 0, 0, 0, 2, 1, 0, 0, 0, 0, 0, 0, 1, 0, 0, 3, 0, 0, 0, 0, 0, 0, 3, 0, 3, 0, 0, 0, 0, 1, 0, 0, 1, 0, 1, 3, 0, 1, 3, 0, 3, 0, 2, 0, 0, 0, 3, 2, 0, 3, 0, 3, 0, 0, 1, 0, 3, 0, 0, 0, 2, 0, 0, 0, 0, 0, 0, 3, 0, 1, 3, 2, 2, 0, 0, 1, 0, 0, 3, 0], "118": [1.0, 3.0, 0.0, 0.0, 0.0, 3.0, 3.0, 3.0, 0.0, 0.0, 1.0, 0.0, 0.0, 1.0, 1.0, 0.0, 1.0, 0.0, 0.0, 0.0, 1.0, 0.0, 0.0, 0.0, 0.0, 0.0, 2, 3, 0, 0, 1, 0, 2, 0, 3, 0, 3, 0, 0, 2, 0, 0, 3, 2, 0, 3, 0, 0, 0, 0, 0, 0, 0, 0, 0, 3, 0, 0, 0, 0, 0, 0, 3, 2, 0, 0, 3, 0, 0, 0, 0, 2, 0, 3, 3, 0, 3, 0, 0, 0, 0, 0, 0, 0, 0, 0, 0, 0, 0, 1, 0, 0, 0, 0, 0, 0, 0, 3, 1, 0, 1, 0, 2, 0, 0, 0], "119": [0.0, 2.0, 0.0, 0.0, 0.0, 0.0, 0.0, 2.0, 0.0, 0.0, 3.0, 0.0, 3.0, 0.0, 1.0, 0.0, 0.0, 3.0, 0.0, 0.0, 3.0, 0.0, 0.0, 0.0, 1.0, 0.0, 0, 2, 1, 0, 0, 0, 1, 0, 0, 0, 0, 0, 0, 0, 0, 2, 2, 0, 2, 2, 0, 0, 0, 3, 2, 0, 1, 3, 0, 0, 2, 2, 0, 0, 0, 0, 0, 1, 1, 2, 2, 0, 1, 0, 3, 1, 3, 3, 3, 3, 0, 3, 0, 0, 0, 0, 0, 0, 0, 1, 0, 0, 0, 0, 0, 0, 0, 1, 0, 0, 0, 0, 0, 3, 0, 3, 0, 0, 2, 3], "120": [0.0, 0.0, 0.0, 0.0, 3.0, 0.0, 0.0, 2.0, 0.0, 1.0, 0.0, 0.0, 0.0, 1.0, 0.0, 0.0, 0.0, 3.0, 0.0, 0.0, 0.0, 1.0, 0.0, 0.0, 0.0, 2, 0, 0, 0, 0, 0, 0, 0, 0, 0, 3, 0, 0, 0, 0, 1, 0, 0, 3, 0, 0, 0, 0, 0, 2, 3, 0, 0, 0, 2, 0, 0, 0, 0, 1, 0, 0, 1, 0, 0, 0, 0, 0, 0, 0, 0, 0, 0, 0, 0, 0, 0, 3, 0, 0, 0, 0, 0, 2, 0, 3, 0, 0, 0, 3, 0, 3, 0, 0, 1, 1, 0, 0, 2, 0, 0, 1, 1, 0, 2], "121": [0.0, 1.0, 0.0, 0.0, 3.0, 0.0, 1.0, 0.0, 0.0, 1.0, 0.0, 0.0, 0.0, 0.0, 0.0, 0.0, 0.0, 0.0, 0.0, 0.0, 0.0, 0.0, 0.0, 0.0, 1.0, 0.0, 0, 0, 0, 0, 0, 0, 0, 3, 0, 0, 0, 0, 2, 0, 0, 0, 0, 0, 0, 0, 0, 1, 1, 0, 0, 0, 3, 0, 1, 3, 3, 0, 0, 0, 0, 2, 0, 0, 0, 0, 3, 0, 0, 0, 0, 3, 0, 1, 0, 1, 0, 0, 0, 0, 0, 3, 0, 0, 0, 0, 0, 0, 0, 0, 3, 0, 0, 0, 0, 0, 0, 0, 0, 3, 0, 0, 0, 3, 0, 1], "122": [0.0, 0.0, 1.0, 0.0, 0.0, 1.0, 0.0, 0.0, 3.0, 0.0, 3.0, 0.0, 0.0, 1.0, 3.0, 0.0, 0.0, 2.0, 0.0, 0, 3, 0, 1, 2, 0, 0, 0, 0, 0, 1, 1, 0, 0, 2, 0, 0, 0, 0, 3, 0, 3, 0, 0, 2, 0, 0, 0, 0, 2, 3, 0, 1, 0, 0, 3, 0, 0, 0, 0, 0, 0, 3, 0, 0, 0, 0, 0, 0, 0, 3, 3, 0, 0, 3, 0, 0, 1, 2, 0, 0, 0, 0, 0, 0, 2, 0, 2, 0, 3, 0, 0, 3, 0, 3, 0, 0, 0, 0, 3], "123": [3.0, 0.0, 0.0, 3.0, 0.0, 0.0, 0.0, 0.0, 2.0, 0.0, 0.0, 0.0, 3.0, 0.0, 0.0, 0, 0, 3, 0, 0, 0, 0, 1, 3, 0, 0, 3, 0, 0, 3, 0, 0, 0, 2, 3, 3, 0, 3, 0, 0, 0, 0, 0, 0, 0, 1, 0, 0, 2, 0, 3, 0, 2, 3, 0, 0, 0, 0, 3, 0, 0, 0, 0, 0, 0, 0, 2, 0, 0, 0, 0, 0, 0, 2, 1, 0, 2, 1, 0, 0, 0, 0, 3, 0, 0, 0, 0, 0, 0, 0, 0, 0, 3, 0, 0], "124": [1.0, 0.0, 3.0, 1.0, 3.0, 0.0, 0.0, 3.0, 0.0, 0.0, 3.0, 0.0, 0.0, 0.0, 0.0, 2.0, 0, 3, 0, 0, 3, 0, 0, 0, 0, 0, 3, 0, 3, 0, 0, 0, 2, 0, 1, 0, 3, 0, 0, 0, 2, 0, 1, 0, 0, 2, 3, 0, 0, 0, 2, 0, 3, 3, 0, 0, 0, 0, 0, 0, 2, 1, 0, 3, 3, 0, 0, 0, 0, 1, 3, 3, 0, 2, 1, 3, 0, 3, 0, 3, 3, 0, 0, 3, 1, 2, 2, 0, 0, 3, 0, 0, 0, 0, 3, 0], "125": [0.0, 0.0, 2.0, 3.0, 3.0, 3.0, 0.0, 3.0, 0.0, 3.0, 0.0, 3.0, 0.0, 3.0, 0.0, 3.0, 3.0, 0.0, 3.0, 1, 2, 3, 0, 0, 1, 3, 3, 0, 0, 3, 0, 3, 1, 2, 0, 0, 0, 1, 0, 1, 0, 0, 2, 0, 0, 1, 2, 0, 0, 2, 0, 0, 0, 0, 0, 0, 0, 0, 3, 2, 2, 0, 3, 0, 0, 0, 1, 1, 0, 0, 0, 0, 0, 2, 0, 1, 0, 3, 2, 1, 0, 0, 1, 0, 0, 0, 0, 0, 3, 0, 0, 0, 0, 0, 0, 0, 2, 3, 3], "126": [0.0, 0.0, 0.0, 0.0, 0.0, 1.0, 2.0, 0.0, 2.0, 3.0, 0.0, 0.0, 0.0, 0.0, 0.0, 3.0, 0.0, 0.0, 0.0, 0.0, 0.0, 2, 0, 1, 0, 3, 0, 2, 0, 0, 0, 0, 0, 0, 0, 0, 0, 1, 0, 1, 1, 0, 0, 3, 0, 1, 0, 0, 0, 0, 0, 0, 0, 3, 2, 0, 0, 0, 0, 0, 0, 2, 1, 0, 0, 3, 0, 0, 0, 0, 3, 0, 1, 3, 0, 0, 0, 1, 0, 3, 0, 3, 0, 0, 0, 0, 0, 3, 1, 0, 0, 0, 0, 3, 1, 0, 0, 0, 0, 3, 0], "127": [3.0, 0.0, 0.0, 0.0, 0.0, 3.0, 0.0, 0.0, 2.0, 0.0, 0.0, 0.0, 0.0, 0.0, 3.0, 0.0, 0.0, 0.0, 0.0, 1.0, 0.0, 0.0, 2.0, 1.0, 0, 3, 3, 3, 3, 0, 3, 0, 0, 0, 1, 0, 2, 0, 2, 1, 0, 0, 0, 0, 3, 1, 0, 1, 3, 0, 0, 0, 1, 0, 0, 0, 0, 0, 2, 1, 1, 0, 3, 0, 1, 0, 3, 0, 3, 0, 3, 2, 0, 0, 1, 3, 0, 0, 0, 0, 1, 1, 0, 0, 0, 0, 1, 1, 3, 0, 1, 0, 0, 1, 2, 0, 0, 0, 3, 0, 3, 3, 1, 3], "128": [0.0, 0.0, 0.0, 0.0, 0.0, 0.0, 0.0, 3.0, 3.0, 0.0, 0.0, 3.0, 0.0, 0.0, 0.0, 0.0, 1, 0, 3, 0, 0, 0, 3, 2, 0, 0, 0, 0, 0, 0, 0, 0, 0, 0, 0, 0, 0, 0, 0, 0, 1, 0, 1, 0, 1, 3, 3, 1, 0, 1, 2, 0, 0, 0, 3, 0, 0, 0, 0, 0, 0, 0, 1, 0, 1, 0, 0, 0, 0, 0, 0, 3, 3, 0, 3, 3, 0, 3, 0, 0, 0, 2, 0, 0, 0, 1, 0, 0, 0, 0, 1, 0, 0, 0, 0, 0], "129": [3.0, 3.0, 3.0, 0.0, 0.0, 2.0, 0.0, 0.0, 0.0, 3.0, 1.0, 0.0, 0.0, 0.0, 0.0, 2, 1, 0, 2, 0, 2, 2, 0, 1, 0, 0, 0, 0, 0, 1, 3, 3, 0, 0, 0, 0, 0, 0, 3, 3, 3, 0, 1, 0, 3, 0, 0, 0, 0, 0, 0, 0, 1, 0, 0, 0, 0, 0, 0, 0, 3, 3, 0, 0, 0, 3, 0, 0, 0, 0, 0, 0, 0, 0, 3, 0, 0, 1, 3, 3, 0, 1, 0, 0, 0, 0, 0, 0, 0, 1, 0, 0, 0, 3, 0], "130": [1.0, 0.0, 3.0, 3.0, 2.0, 0.0, 0.0, 0.0, 0.0, 1.0, 0.0, 2.0, 0, 1, 0, 2, 0, 0, 0, 1, 0, 0, 0, 0, 1, 3, 2, 0, 0, 0, 0, 0, 0, 0, 3, 0, 3, 3, 0, 0, 1, 0, 0, 0, 0, 0, 0, 2, 0, 0, 0, 1, 0, 3, 1, 0, 0, 0, 0, 3, 3, 1, 0, 0, 3, 0, 3, 0, 0, 2, 0, 0, 0, 0, 0, 0, 0, 1, 3, 2, 3, 0, 0, 0, 2, 0, 0, 3, 0, 0, 2, 1], "131": [2.0, 2.0, 0.0, 0.0, 3.0, 3.0, 0.0, 0.0, 0.0, 3.0, 0.0, 0.0, 0.0, 1.0, 3.0, 0, 0, 0, 1, 0, 0, 0, 0, 3, 0, 1, 0, 2, 1, 0, 0, 0, 0, 0, 3, 0, 3, 0, 0, 3, 1, 0, 0, 0, 1, 3, 3, 0, 3, 3, 0, 1, 2, 0, 2, 3, 0, 1, 1, 2, 1, 3, 0, 2, 3, 3, 0, 0, 0, 1, 1, 0, 0, 0, 0, 0, 0, 0, 0, 0, 0, 0, 0, 1, 2, 3, 2, 3, 0, 0, 0, 3, 0, 0, 2], "132": [0.0, 1.0, 0.0, 0.0, 0.0, 0.0, 0.0, 1.0, 0.0, 2.0, 0.0, 0.0, 0.0, 0.0, 0.0, 0.0, 0.0, 0.0, 0, 2, 1, 0, 0, 0, 0, 0, 0, 0, 0, 0, 1, 0, 0, 0, 0, 0, 0, 3, 0, 0, 2, 3, 1, 0, 0, 0, 0, 0, 0, 2, 0, 0, 0, 1, 2, 0, 1, 0, 0, 0, 0, 3, 0, 2, 0, 0, 0, 0, 1, 0, 2, 3, 3, 0, 0, 3, 0, 0, 3, 0, 0, 0, 1, 0, 0, 1, 0, 0, 3, 0, 0, 3, 0, 0, 0, 0, 0, 0], "133": [0.0, 0.0, 1.0, 0.0, 0.0, 0.0, 3.0, 0.0, 0.0, 1.0, 0.0, 0.0, 0.0, 2.0, 0.0, 0.0, 0, 2, 0, 1, 0, 0, 0, 3, 0, 2, 0, 3, 3, 0, 0, 3, 0, 3, 0, 0, 0, 1, 1, 3, 3, 2, 0, 1, 3, 0, 0, 0, 0, 0, 3, 1, 2, 1, 0, 3, 0, 1, 0, 0, 0, 3, 3, 0, 0, 0, 0, 0, 0, 0, 0, 3, 0, 0, 0, 0, 0, 0, 0, 2, 0, 0, 0, 3, 2, 0, 0, 3, 1, 0, 0, 0, 1, 0, 0, 0], "134": [0.0, 0.0, 0.0, 0.0, 0.0, 0.0, 3.0, 0.0, 0.0, 3.0, 2.0, 0.0, 0.0, 0.0, 0.0, 0.0, 0.0, 0.0, 3, 0, 0, 3, 0, 0, 0, 3, 0, 3, 3, 3, 0, 0, 0, 3, 0, 0, 0, 0, 0, 0, 0, 0, 0, 0, 3, 0, 0, 0, 0, 0, 0, 2, 0, 0, 0, 0, 0, 3, 3, 1, 3, 0, 0, 3, 0, 0, 0, 3, 0, 3, 2, 0, 0, 0, 0, 2, 0, 0, 0, 0, 2, 2, 0, 0, 1, 1, 0, 0, 0, 3, 0, 3, 3, 1, 2, 0, 0, 3], "135": [0.0, 2.0, 3.0, 0.0, 0.0, 1.0, 3.0, 1.0, 0.0, 1.0, 0.0, 0.0, 0.0, 3.0, 0.0, 0.0, 0.0, 0.0, 0.0, 0.0, 3.0, 1.0, 0.0, 0.0, 1, 1, 2, 2, 1, 0, 1, 0, 0, 0, 0, 0, 0, 0, 0, 0, 0, 0, 0, 0, 1, 0, 0, 0, 0, 2, 0, 0, 3, 3, 0, 3, 2, 1, 0, 0, 0, 0, 0, 0, 2, 1, 1, 0, 0, 3, 1, 0, 3, 3, 0, 0, 3, 2, 2, 0, 3, 0, 0, 0, 3, 0, 0, 0, 1, 0, 0, 0, 0, 0, 0, 0, 0, 3, 1, 3, 0, 0, 0, 0], "136": [1.0, 3.0, 2.0, 0.0, 0.0, 0.0, 1.0, 0.0, 1.0, 0.0, 3.0, 0.0, 0.0, 2.0, 0.0, 0, 0, 3, 0, 0, 0, 3, 0, 0, 3, 0, 1, 1, 3, 0, 2, 0, 0, 3, 0, 1, 0, 3, 1, 1, 0, 0, 3, 0, 1, 1, 0, 0, 0, 0, 3, 0, 0, 2, 1, 0, 0, 3, 1, 0, 0, 3, 0, 2, 0, 1, 3, 0, 0, 0, 0, 3, 0, 0, 1, 0, 0, 0, 0, 0, 0, 0, 2, 0, 0, 0, 0, 2, 0, 3, 3, 0, 0, 0, 3], "137": [0.0, 1.0, 1.0, 1.0, 1.0, 0.0, 2.0, 1.0, 0.0, 0.0, 0.0, 3.0, 0.0, 0.0, 0.0, 3.0, 0.0, 0.0, 2.0, 0.0, 0, 0, 0, 0, 3, 2, 2, 0, 3, 0, 0, 3, 0, 0, 3, 0, 0, 2, 0, 2, 0, 0, 0, 0, 1, 0, 0, 1, 3, 1, 0, 3, 0, 3, 0, 0, 2, 0, 3, 0, 0, 0, 0, 0, 0, 0, 2, 1, 0, 0, 0, 0, 1, 3, 0, 0, 0, 2, 0, 0, 3, 0, 0, 0, 2, 0, 0, 3, 3, 1, 0, 0, 0, 0, 0, 0, 3, 0, 0, 0], "138": [0.0, 0.0, 0.0, 2.0, 3.0, 3.0, 0.0, 1.0, 0.0, 0.0, 0.0, 1.0, 0.0, 3.0, 0.0, 2.0, 3.0, 2, 0, 0, 0, 0, 0, 2, 3, 0, 3, 0, 3, 0, 2, 0, 0, 0, 0, 0, 3, 0, 1, 0, 3, 1, 2, 0, 1, 2, 0, 0, 0, 0, 2, 3, 3, 0, 0, 0, 2, 1, 0, 2, 1, 1, 0, 0, 3, 0, 0, 1, 0, 0, 1, 0, 3, 0, 1, 0, 0, 3, 0, 3, 0, 0, 3, 0, 0, 2, 1, 0, 0, 3, 3, 0, 0, 0, 0, 0, 0], "139": [1.0, 0.0, 3.0, 2.0, 0.0, 0.0, 0.0, 0.0, 1.0, 0.0, 0.0, 0.0, 0.0, 0.0, 0.0, 0.0, 3.0, 0.0, 0.0, 0.0, 0.0, 1.0, 2.0, 1.0, 3.0, 0.0, 0.0, 3.0, 0.0, 0, 3, 2, 0, 0, 0, 0, 1, 0, 0, 0, 0, 0, 0, 3, 0, 2, 0, 0, 1, 0, 0, 0, 0, 0, 0, 3, 0, 0, 0, 0, 0, 3, 0, 0, 0, 0, 3, 0, 1, 0, 0, 0, 0, 0, 1, 3, 0, 0, 0, 3, 1, 3, 3, 2, 1, 0, 0, 0, 0, 0, 0, 3, 0, 0, 0, 3, 1, 3, 0, 0, 0, 0, 0, 0, 0, 3, 0, 0, 0], "140": [0.0, 1.0, 3.0, 0.0, 0.0, 1.0, 1.0, 0.0, 2.0, 0.0, 3.0, 3.0, 3.0, 0.0, 3.0, 2.0, 0.0, 0.0, 0.0, 0.0, 0.0, 0.0, 0.0, 0, 1, 0, 0, 0, 0, 0, 3, 0, 3, 0, 0, 2, 0, 0, 1, 0, 0, 3, 0, 3, 2, 1, 0, 1, 1, 0, 0, 1, 1, 0, 0, 0, 0, 0, 0, 0, 0, 1, 0, 0, 0, 1, 0, 0, 0, 2, 0, 0, 0, 1, 0, 0, 0, 0, 0, 0, 0, 1, 1, 0, 0, 1, 3, 0, 0, 3, 0, 0, 0, 0, 0, 0, 1, 0, 3, 1, 1, 2, 0], "141": [3.0, 0.0, 0.0, 2.0, 0.0, 0.0, 0.0, 0.0, 0.0, 3.0, 0.0, 1.0, 0.0, 1.0, 0.0, 0.0, 0.0, 1.0, 2.0, 3.0, 3.0, 3.0, 0, 0, 0, 0, 0, 0, 0, 3, 0, 0, 3, 0, 3, 0, 0, 0, 2, 3, 0, 0, 0, 0, 0, 1, 0, 0, 0, 0, 0, 0, 3, 0, 0, 0, 0, 0, 3, 0, 0, 0, 0, 2, 0, 0, 0, 0, 2, 0, 0, 1, 0, 0, 0, 0, 0, 3, 0, 0, 0, 0, 0, 2, 0, 0, 2, 0, 0, 3, 0, 1, 0, 0, 0, 0, 0, 0, 1, 0, 3, 0], "142": [3.0, 0.0, 3.0, 3.0, 0.0, 0.0, 0.0, 1.0, 0.0, 0.0, 0.0, 0.0, 2.0, 3.0, 0.0, 0.0, 0.0, 1.0, 0.0, 1.0, 0.0, 1.0, 3.0, 0.0, 3, 0, 2, 0, 0, 1, 1, 0, 0, 3, 0, 2, 0, 0, 3, 3, 3, 1, 0, 0, 3, 0, 0, 2, 0, 3, 3, 0, 1, 0, 1, 0, 0, 0, 0, 0, 0, 2, 0, 1, 0, 1, 0, 2, 3, 0, 0, 0, 1, 3, 0, 1, 3, 0, 0, 0, 0, 1, 0, 0, 0, 1, 0, 3, 1, 0, 0, 0, 0, 3, 0, 0, 0, 0, 0, 1, 0, 0, 0, 0], "143": [3.0, 0.0, 0.0, 0.0, 0.0, 0.0, 0.0, 0.0, 0.0, 0.0, 1.0, 0.0, 0.0, 0.0, 0.0, 0.0, 0.0, 0.0, 1, 0, 0, 0, 0, 0, 0, 0, 0, 0, 0, 0, 2, 0, 1, 0, 2, 0, 3, 2, 0, 3, 0, 0, 0, 0, 0, 0, 0, 0, 0, 0, 0, 2, 0, 0, 1, 1, 2, 0, 3, 1, 0, 3, 0, 0, 0, 3, 3, 0, 1, 0, 0, 2, 0, 0, 3, 0, 0, 0, 1, 0, 0, 1, 0, 3, 0, 2, 1, 0, 1, 0, 0, 0, 0, 0, 0, 0, 2, 3], "144": [1.0, 0.0, 1.0, 0.0, 2.0, 0.0, 3.0, 1.0, 1.0, 3.0, 0.0, 3.0, 3.0, 0.0, 0.0, 0.0, 0.0, 3.0, 0.0, 0.0, 1.0, 0.0, 3.0, 2, 0, 0, 0, 0, 0, 2, 0, 0, 2, 0, 1, 1, 0, 0, 0, 0, 0, 0, 2, 1, 0, 0, 0, 0, 0, 0, 0, 0, 0, 3, 0, 0, 0, 0, 0, 0, 1, 0, 2, 3, 0, 3, 0, 3, 2, 3, 3, 0, 0, 0, 1, 1, 0, 0, 0, 0, 3, 0, 0, 0, 0, 0, 0, 3, 0, 0, 0, 3, 0, 0, 1, 0, 1, 2, 0, 1, 0, 0, 0], "145": [0.0, 3.0, 2.0, 0.0, 0.0, 0.0, 0.0, 0.0, 3.0, 0.0, 0.0, 3.0, 0.0, 0.0, 0.0, 3.0, 0.0, 0.0, 2.0, 0.0, 1, 2, 0, 3, 1, 1, 3, 1, 1, 0, 0, 0, 0, 0, 0, 1, 0, 0, 0, 2, 1, 0, 0, 3, 0, 0, 0, 0, 1, 0, 3, 0, 0, 1, 1, 3, 3, 0, 0, 3, 0, 0, 0, 0, 1, 0, 0, 2, 0, 0, 0, 1, 1, 0, 1, 0, 0, 0, 0, 3, 0, 0, 0, 0, 1, 3, 2, 3, 0, 0, 0, 0, 3, 2, 0, 1, 1, 0, 3, 3], "146": [1.0, 0.0, 0.0, 0.0, 0.0, 0.0, 0.0, 0.0, 2.0, 0.0, 3.0, 0.0, 0.0, 0.0, 3.0, 0.0, 0.0, 3.0, 2.0, 3.0, 3.0, 0.0, 0.0, 0.0, 0.0, 0.0, 1.0, 0.0, 0, 0, 0, 3, 3, 3, 0, 0, 2, 0, 0, 0, 0, 1, 0, 3, 0, 2, 2, 0, 0, 0, 0, 0, 0, 3, 0, 0, 0, 1, 3, 3, 0, 0, 0, 3, 0, 3, 1, 0, 0, 3, 0, 3, 0, 3, 0, 1, 0, 0, 1, 0, 0, 0, 0, 0, 0, 0, 0, 1, 0, 3, 0, 0, 2, 0, 0, 0, 0, 0, 0, 0, 0, 0, 0, 0, 0, 0, 1, 0], "147": [0.0, 0.0, 3.0, 0.0, 1.0, 0.0, 1.0, 0.0, 0.0, 0.0, 0.0, 0.0, 0.0, 0.0, 0.0, 1.0, 0.0, 0.0, 0.0, 2.0, 3.0, 0.0, 0.0, 3.0, 0, 0, 1, 0, 0, 0, 0, 3, 0, 0, 0, 0, 3, 0, 1, 0, 1, 0, 1, 0, 0, 1, 0, 2, 3, 0, 0, 0, 1, 1, 0, 0, 0, 0, 0, 0, 0, 1, 0, 1, 0, 3, 3, 0, 3, 0, 0, 0, 0, 2, 0, 0, 0, 2, 0, 0, 3, 0, 0, 2, 3, 3, 0, 0, 3, 0, 0, 3, 2, 3, 0, 3, 0, 0, 2, 0, 0, 0, 3, 0], "148": [0.0, 0.0, 0.0, 1.0, 0.0, 0.0, 2.0, 1.0, 3.0, 1.0, 0.0, 0.0, 0.0, 0.0, 0.0, 0.0, 0.0, 0.0, 0.0, 0.0, 0.0, 1.0, 3.0, 0.0, 1.0, 0.0, 0, 1, 0, 0, 0, 3, 0, 0, 0, 0, 0, 1, 0, 1, 0, 0, 0, 2, 1, 0, 0, 3, 0, 0, 3, 3, 0, 0, 2, 0, 0, 1, 0, 0, 3, 0, 0, 1, 0, 0, 0, 1, 3, 0, 1, 1, 0, 0, 0, 1, 0, 3, 0, 0, 0, 0, 0, 0, 2, 0, 1, 0, 1, 3, 0, 0, 0, 0, 0, 2, 0, 0, 0, 0, 0, 0, 0, 0, 3, 1], "149": [0.0, 0.0, 0.0, 0.0, 1.0, 0.0, 2.0, 2.0, 0.0, 0.0, 0.0, 0.0, 3.0, 0.0, 0.0, 0.0, 3.0, 0, 0, 3, 0, 3, 0, 0, 0, 2, 0, 0, 0, 0, 1, 0, 0, 0, 0, 3, 0, 3, 1, 1, 0, 2, 0, 1, 1, 3, 0, 0, 0, 1, 0, 3, 1, 3, 0, 0, 0, 0, 0, 0, 3, 1, 3, 0, 0, 0, 0, 0, 0, 0, 0, 0, 0, 0, 0, 0, 3, 0, 0, 3, 0, 1, 0, 0, 3, 1, 0, 0, 0, 2, 3, 0, 0, 0, 3, 3, 2], "150": [2.0, 0.0, 0.0, 3.0, 0.0, 3.0, 3.0, 2.0, 1.0, 0.0, 1.0, 0.0, 1.0, 3.0, 0.0, 2.0, 0.0, 2.0, 3.0, 0.0, 0.0, 0.0, 1.0, 0.0, 0.0, 0, 0, 0, 0, 0, 0, 0, 2, 1, 2, 1, 0, 1, 2, 3, 0, 0, 2, 0, 0, 0, 0, 3, 0, 0, 0, 0, 3, 0, 3, 0, 0, 0, 0, 0, 0, 3, 0, 0, 0, 0, 3, 3, 1, 3, 0, 1, 2, 2, 0, 0, 2, 0, 1, 1, 0, 1, 2, 3, 3, 0, 0, 0, 0, 0, 0, 0, 0, 0, 0, 0, 0, 0, 0, 0, 0, 3, 0, 0, 1], "151": [0.0, 0.0, 0.0, 2.0, 0.0, 0.0, 0.0, 0.0, 1.0, 1.0, 0.0, 0.0, 0.0, 0.0, 1.0, 0.0, 0.0, 0.0, 1.0, 1.0, 3.0, 0.0, 0.0, 1.0, 0.0, 3, 3, 0, 2, 1, 0, 1, 0, 2, 0, 1, 0, 1, 0, 0, 0, 0, 2, 0, 0, 0, 0, 0, 0, 0, 0, 1, 1, 0, 3, 0, 0, 0, 0, 0, 2, 3, 0, 0, 1, 0, 0, 0, 1, 0, 0, 0, 0, 1, 3, 0, 1, 2, 0, 2, 3, 0, 0, 3, 0, 0, 0, 0, 0, 0, 0, 2, 0, 0, 0, 3, 3, 3, 0, 0, 0, 2, 0, 3, 2], "152": [3.0, 0.0, 1.0, 0.0, 0.0, 1.0, 0.0, 0.0, 3.0, 0.0, 0.0, 0.0, 0.0, 1.0, 0.0, 2.0, 0.0, 0.0, 0.0, 0.0, 0.0, 0.0, 0.0, 0.0, 0.0, 0.0, 0.0, 0.0, 1, 0, 1, 3, 3, 0, 3, 0, 0, 3, 3, 2, 0, 0, 0, 0, 0, 0, 0, 3, 0, 0, 0, 0, 0, 1, 0, 0, 0, 0, 0, 0, 1, 0, 0, 0, 1, 0, 0, 0, 1, 0, 0, 0, 3, 0, 0, 0, 0, 0, 0, 0, 0, 0, 3, 0, 0, 0, 0, 3, 2, 0, 0, 2, 1, 0, 0, 0, 0, 2, 0, 0, 3, 1, 3, 0, 3, 0, 1, 3], "153": [3.0, 0.0, 0.0, 2.0, 0.0, 0.0, 0.0, 0.0, 2.0, 0.0, 0.0, 3.0, 3.0, 1.0, 0.0, 0.0, 1.0, 1.0, 0.0, 3.0, 0, 0, 0, 3, 0, 0, 0, 3, 0, 3, 1, 0, 0, 0, 1, 0, 0, 0, 0, 3, 3, 2, 0, 0, 0, 0, 0, 0, 0, 1, 1, 0, 0, 0, 0, 3, 0, 3, 1, 0, 0, 0, 1, 3, 3, 0, 0, 0, 3, 1, 1, 2, 3, 0, 0, 1, 0, 0, 0, 0, 2, 0, 0, 3, 2, 0, 0, 1, 3, 0, 0, 3, 0, 1, 0, 3, 1, 0, 0, 0], "154": [2.0, 0.0, 0.0, 0.0, 1.0, 0.0, 0.0, 1.0, 3.0, 0.0, 0.0, 0.0, 0.0, 3.0, 0.0, 1.0, 0, 0, 3, 0, 1, 1, 0, 0, 1, 0, 0, 0, 0, 0, 0, 0, 3, 3, 0, 0, 0, 2, 0, 0, 2, 0, 3, 2, 2, 0, 0, 0, 0, 0, 0, 0, 3, 2, 0, 0, 0, 0, 0, 0, 2, 0, 3, 1, 0, 0, 3, 0, 0, 2, 0, 0, 1, 1, 2, 1, 0, 1, 2, 0, 0, 0, 3, 0, 0, 3, 0, 0, 0, 0, 0, 0, 0, 2, 0, 0], "155": [0.0, 0.0, 0.0, 0.0, 3.0, 0.0, 0.0, 0.0, 0.0, 3.0, 0.0, 0.0, 0.0, 0.0, 3.0, 2.0, 1.0, 0.0, 3, 0, 0, 1, 0, 0, 0, 0, 0, 0, 0, 0, 0, 3, 0, 3, 0, 3, 0, 0, 0, 3, 0, 0, 0, 0, 0, 0, 1, 0, 0, 2, 0, 0, 0, 0, 0, 3, 0, 0, 0, 0, 2, 1, 0, 0, 0, 0, 3, 0, 0, 0, 0, 1, 0, 1, 3, 0, 0, 3, 0, 2, 3, 3, 0, 2, 0, 1, 0, 0, 3, 0, 0, 0, 0, 0, 0, 3, 0, 2], "156": [0.0, 3.0, 0.0, 0.0, 0.0, 0.0, 2.0, 0.0, 0.0, 0.0, 0.0, 1.0, 2.0, 0, 0, 0, 0, 0, 0, 3, 0, 0, 0, 0, 0, 0, 0, 0, 1, 0, 0, 0, 0, 2, 0, 0, 0, 3, 0, 0, 0, 0, 0, 0, 0, 1, 0, 1, 2, 1, 2, 3, 0, 1, 0, 1, 3, 0, 0, 3, 0, 0, 3, 3, 0, 0, 3, 0, 1, 0, 0, 0, 0, 0, 0, 1, 1, 0, 1, 0, 0, 0, 0, 0, 3, 3, 0, 0, 0, 0, 0, 0, 0], "157": [1.0, 0.0, 0.0, 3.0, 0.0, 0.0, 0.0, 3.0, 0.0, 0.0, 0.0, 0.0, 0, 0, 0, 1, 0, 0, 0, 0, 1, 1, 3, 1, 0, 0, 0, 0, 0, 0, 0, 0, 1, 0, 0, 0, 0, 0, 0, 1, 0, 0, 0, 0, 0, 0, 3, 1, 0, 2, 0, 3, 0, 0, 0, 3, 0, 0, 0, 0, 0, 3, 0, 1, 1, 0, 0, 0, 3, 1, 0, 0, 0, 2, 0, 3, 0, 0, 0, 0, 3, 0, 1, 3, 0, 2, 0, 0, 3, 0, 0, 0], "158": [0.0, 3.0, 1.0, 2.0, 0.0, 0.0, 3.0, 3.0, 0.0, 0.0, 0.0, 3.0, 0.0, 0.0, 0, 0, 3, 0, 0, 2, 0, 0, 0, 0, 0, 0, 0, 0, 0, 1, 0, 1, 0, 0, 3, 0, 0, 0, 0, 0, 0, 3, 1, 0, 3, 0, 0, 0, 0, 1, 3, 0, 0, 3, 0, 0, 0, 0, 0, 3, 0, 0, 0, 0, 0, 3, 3, 0, 3, 0, 1, 1, 1, 0, 0, 3, 0, 0, 0, 0, 3, 0, 0, 0, 0, 0, 0, 0, 2, 0, 0, 2, 3, 0], "159": [0.0, 0.0, 0.0, 2.0, 2.0, 1.0, 0.0, 1.0, 0.0, 0.0, 2.0, 0.0, 0.0, 0.0, 0.0, 2.0, 0.0, 0.0, 0.0, 0.0, 0, 0, 0, 0, 0, 0, 0, 0, 1, 3, 0, 0, 0, 0, 0, 3, 3, 0, 0, 3, 2, 0, 3, 0, 0, 0, 0, 1, 0, 0, 0, 1, 1, 3, 1, 1, 0, 0, 0, 0, 0, 0, 3, 3, 0, 0, 0, 1, 0, 1, 3, 0, 2, 0, 2, 1, 3, 0, 3, 0, 0, 0, 0, 0, 0, 0, 1, 0, 3, 3, 0, 0, 3, 2, 0, 0, 0, 0, 3, 0], "160": [0.0, 0.0, 0.0, 2.0, 3.0, 0.0, 1.0, 1.0, 0.0, 0.0, 3.0, 1.0, 0.0, 0.0, 1.0, 0.0, 0.0, 0.0, 0.0, 2, 2, 0, 0, 0, 0, 0, 0, 0, 3, 3, 0, 0, 0, 0, 0, 0, 0, 2, 1, 0, 0, 0, 2, 1, 0, 0, 0, 0, 0, 0, 1, 0, 0, 0, 0, 0, 3, 0, 0, 1, 3, 0, 0, 0, 3, 0, 3, 1, 0, 1, 3, 0, 0, 1, 0, 0, 1, 0, 0, 0, 3, 1, 0, 0, 3, 0, 0, 0, 0, 3, 1, 0, 3, 0, 0, 0, 0, 0, 0], "161": [0.0, 1.0, 1.0, 0.0, 0.0, 0.0, 3.0, 0.0, 2.0, 0.0, 0.0, 1.0, 0.0, 0.0, 0.0, 0.0, 1.0, 0.0, 3.0, 1.0, 3.0, 0.0, 2.0, 3.0, 0.0, 3.0, 1.0, 0.0, 0, 0, 0, 0, 1, 0, 1, 0, 0, 0, 3, 0, 0, 0, 0, 1, 0, 0, 0, 1, 1, 0, 3, 0, 0, 3, 3, 0, 0, 3, 0, 1, 0, 0, 0, 0, 3, 3, 3, 0, 0, 0, 3, 1, 0, 0, 0, 0, 0, 0, 0, 0, 0, 0, 1, 0, 3, 0, 0, 0, 0, 0, 0, 0, 0, 0, 3, 0, 0, 0, 0, 0, 0, 0, 3, 0, 2, 0, 3, 1], "162": [1.0, 0.0, 2.0, 1.0, 0.0, 0.0, 3.0, 0.0, 0.0, 2.0, 0.0, 0.0, 3.0, 3.0, 3.0, 0.0, 0.0, 0.0, 0.0, 0, 1, 2, 1, 2, 0, 0, 0, 0, 2, 0, 0, 2, 0, 0, 0, 0, 1, 1, 0, 0, 2, 0, 3, 2, 2, 1, 0, 0, 0, 3, 0, 3, 0, 3, 3, 0, 1, 0, 0, 0, 0, 0, 2, 0, 3, 0, 0, 0, 0, 1, 0, 0, 3, 0, 0, 0, 0, 0, 0, 0, 0, 0, 0, 0, 0, 0, 0, 0, 0, 1, 0, 0, 2, 0, 0, 0, 1, 0, 0], "163": [0.0, 0.0, 1.0, 0.0, 1.0, 2.0, 3.0, 0.0, 0.0, 2.0, 3.0, 1.0, 0.0, 0.0, 3.0, 0.0, 0.0, 0.0, 0.0, 0, 0, 2, 2, 0, 0, 0, 2, 0, 0, 0, 3, 0, 0, 0, 0, 0, 1, 0, 1, 2, 0, 0, 0, 0, 0, 1, 0, 2, 0, 0, 0, 0, 0, 0, 0, 0, 0, 0, 0, 3, 0, 0, 0, 1, 3, 3, 0, 0, 1, 0, 0, 1, 0, 0, 0, 3, 3, 0, 0, 0, 3, 0, 0, 0, 0, 0, 3, 2, 2, 0, 0, 0, 3, 1, 1, 2, 0, 0, 2], "164": [0.0, 1.0, 1.0, 2.0, 0.0, 1.0, 0.0, 0.0, 1.0, 0.0, 0.0, 1.0, 0.0, 0.0, 0.0, 0.0, 0.0, 0.0, 1.0, 0.0, 0.0, 0.0, 0.0, 3.0, 0.0, 0, 0, 1, 3, 0, 1, 0, 0, 1, 1, 3, 2, 1, 0, 1, 0, 0, 0, 0, 0, 1, 0, 0, 0, 0, 0, 1, 1, 0, 0, 1, 0, 0, 0, 0, 0, 1, 0, 0, 0, 0, 0, 0, 0, 0, 0, 0, 0, 3, 0, 2, 2, 0, 0, 0, 3, 0, 0, 0, 0, 3, 3, 1, 0, 0, 0, 0, 1, 3, 0, 1, 2, 0, 3, 0, 0, 0, 0, 0, 0], "165": [0.0, 0.0, 2.0, 0.0, 1.0, 2.0, 1.0, 3.0, 0.0, 1.0, 3.0, 2.0, 0.0, 0.0, 0.0, 3.0, 0.0, 1.0, 0.0, 3.0, 1.0, 0.0, 0.0, 3, 0, 0, 0, 0, 2, 0, 2, 0, 0, 0, 0, 0, 2, 0, 3, 0, 3, 0, 0, 0, 0, 0, 0, 3, 0, 0, 1, 2, 0, 0, 3, 0, 0, 2, 0, 3, 1, 1, 1, 0, 0, 0, 0, 0, 3, 0, 0, 0, 0, 1, 0, 0, 0, 0, 0, 1, 2, 0, 3, 0, 0, 0, 0, 0, 1, 0, 2, 0, 0, 1, 0, 0, 0, 1, 3, 0, 0, 1, 0], "166": [0.0, 0.0, 0.0, 0.0, 2.0, 1.0, 0.0, 0.0, 2.0, 3.0, 1.0, 0.0, 0.0, 3.0, 1.0, 2.0, 2.0, 1.0, 0.0, 0.0, 0.0, 0.0, 3.0, 0.0, 0.0, 0.0, 3.0, 3.0, 3, 0, 2, 0, 0, 0, 2, 3, 1, 3, 1, 0, 0, 1, 3, 3, 0, 0, 1, 1, 3, 0, 0, 0, 1, 0, 3, 1, 0, 0, 0, 3, 0, 3, 0, 1, 0, 0, 0, 3, 0, 0, 0, 3, 0, 3, 0, 0, 1, 1, 0, 0, 0, 0, 0, 0, 0, 3, 0, 3, 1, 0, 0, 0, 0, 3, 2, 0, 0, 0, 0, 0, 0, 0, 0, 0, 0, 0, 0, 0], "167": [0.0, 3.0, 0.0, 0.0, 3.0, 3.0, 2.0, 3.0, 3.0, 3.0, 0.0, 0.0, 0.0, 0.0, 0.0, 2.0, 0.0, 0.0, 0.0, 1.0, 2.0, 0.0, 0.0, 0.0, 1.0, 0.0, 0.0, 0, 3, 0, 0, 0, 0, 0, 0, 0, 3, 1, 0, 3, 3, 0, 0, 0, 0, 3, 0, 0, 0, 0, 0, 0, 3, 0, 0, 2, 3, 0, 0, 0, 0, 0, 3, 1, 0, 0, 0, 0, 0, 0, 0, 0, 3, 0, 0, 0, 0, 0, 3, 0, 0, 0, 0, 0, 0, 3, 1, 0, 0, 0, 0, 0, 0, 0, 0, 3, 0, 0, 0, 3, 1, 0, 1, 0, 0, 0, 0], "168": [1.0, 0.0, 0.0, 1.0, 0.0, 3.0, 0.0, 0.0, 0.0, 2.0, 0.0, 1.0, 0.0, 0.0, 0.0, 3.0, 0, 0, 0, 0, 1, 0, 0, 3, 0, 0, 0, 0, 3, 0, 0, 2, 1, 0, 0, 0, 0, 0, 0, 3, 0, 0, 0, 0, 0, 0, 1, 0, 3, 2, 1, 0, 0, 0, 3, 0, 0, 0, 1, 0, 0, 1, 0, 0, 0, 2, 0, 0, 0, 0, 0, 0, 0, 0, 0, 0, 1, 0, 2, 3, 0, 0, 0, 1, 0, 1, 0, 1, 0, 0, 0, 0, 0, 0, 0, 0], "169": [0.0, 0.0, 0.0, 3.0, 0.0, 0.0, 0.0, 0.0, 0.0, 3.0, 0.0, 0.0, 0, 0, 0, 0, 1, 0, 3, 0, 0, 0, 0, 3, 0, 2, 1, 0, 0, 2, 0, 0, 0, 0, 2, 0, 0, 0, 0, 1, 0, 0, 0, 3, 0, 0, 0, 1, 1, 1, 2, 0, 1, 0, 0, 1, 2, 0, 0, 0, 3, 3, 0, 1, 0, 0, 0, 0, 0, 0, 1, 0, 0, 0, 2, 0, 0, 3, 1, 2, 0, 0, 3, 3, 3, 3, 1, 0, 3, 1, 2, 0], "170": [3.0, 0.0, 0.0, 0.0, 3.0, 0.0, 1.0, 2.0, 3.0, 0.0, 0.0, 0.0, 3.0, 0.0, 2, 0, 0, 1, 3, 0, 1, 0, 2, 1, 1, 0, 0, 3, 2, 3, 3, 3, 0, 0, 0, 0, 0, 0, 0, 2, 0, 0, 0, 0, 3, 0, 2, 0, 1, 0, 0, 0, 0, 0, 0, 0, 1, 0, 0, 1, 0, 0, 0, 0, 0, 0, 3, 0, 0, 0, 0, 0, 1, 2, 0, 0, 0, 0, 0, 0, 0, 1, 1, 1, 0, 0, 0, 0, 1, 0, 0, 0, 0, 0], "171": [0.0, 0.0, 3.0, 0.0, 0.0, 0.0, 0.0, 1.0, 1.0, 0.0, 1.0, 0.0, 0.0, 0.0, 0.0, 0.0, 2.0, 0.0, 0.0, 3, 0, 0, 0, 0, 0, 1, 3, 0, 2, 0, 0, 0, 3, 3, 0, 0, 0, 0, 0, 0, 0, 2, 0, 0, 0, 0, 0, 0, 1, 1, 0, 0, 0, 0, 3, 2, 0, 0, 0, 0, 0, 0, 0, 0, 0, 1, 1, 0, 2, 1, 0, 3, 1, 1, 1, 0, 1, 3, 0, 0, 0, 3, 0, 1, 0, 0, 3, 0, 0, 3, 0, 2, 1, 0, 0, 1, 0, 1, 0], "172": [0.0, 1.0, 0.0, 0.0, 1.0, 0.0, 3.0, 0.0, 3.0, 0.0, 0.0, 0.0, 0.0, 0.0, 1.0, 2.0, 0.0, 0.0, 0.0, 0.0, 0.0, 0.0, 0, 2, 0, 0, 0, 2, 1, 0, 0, 0, 0, 0, 2, 3, 2, 2, 0, 0, 3, 1, 2, 2, 0, 0, 0, 2, 0, 0, 1, 0, 1, 0, 1, 0, 0, 1, 1, 0, 3, 2, 0, 0, 0, 0, 0, 1, 0, 0, 0, 0, 0, 0, 2, 0, 0, 0, 0, 0, 0, 0, 0, 0, 0, 3, 0, 0, 0, 1, 0, 0, 3, 0, 0, 0, 0, 1, 0, 3, 2, 2], "173": [0.0, 2.0, 0.0, 3.0, 2.0, 0.0, 0.0, 1.0, 0.0, 0.0, 1.0, 0.0, 3.0, 0.0, 0.0, 3.0, 0.0, 0.0, 0.0, 0, 0, 0, 0, 0, 0, 0, 0, 0, 3, 3, 0, 0, 3, 0, 0, 0, 0, 0, 2, 3, 0, 3, 3, 0, 0, 0, 0, 1, 3, 0, 0, 0, 0, 1, 1, 0, 0, 0, 0, 3, 0, 0, 0, 0, 0, 0, 1, 0, 0, 1, 1, 0, 0, 0, 0, 3, 0, 0, 0, 0, 2, 0, 1, 0, 0, 1, 0, 1, 0, 0, 3, 0, 3, 0, 3, 0, 0, 1, 0], "174": [3.0, 1.0, 0.0, 2.0, 0.0, 0.0, 0.0, 0.0, 0.0, 1.0, 3.0, 0.0, 0.0, 0.0, 2.0, 0.0, 0.0, 1.0, 0.0, 1.0, 0.0, 0.0, 0.0, 3.0, 2, 0, 0, 0, 0, 2, 0, 0, 0, 2, 0, 2, 0, 0, 0, 0, 0, 0, 2, 1, 0, 0, 0, 0, 2, 0, 0, 1, 0, 3, 0, 0, 0, 0, 1, 0, 0, 0, 0, 0, 0, 0, 0, 0, 0, 0, 3, 1, 0, 1, 1, 0, 0, 0, 0, 0, 1, 0, 3, 1, 0, 2, 3, 2, 2, 0, 0, 0, 0, 0, 0, 0, 0, 1, 0, 0, 0, 0, 0, 0], "175": [2.0, 0.0, 0.0, 0.0, 2.0, 0.0, 0.0, 0.0, 0.0, 2.0, 0.0, 1.0, 0.0, 3.0, 0.0, 0.0, 3.0, 0.0, 0.0, 0.0, 0.0, 0.0, 3.0, 0.0, 3.0, 0.0, 0.0, 0.0, 0, 0, 0, 0, 1, 0, 2, 3, 0, 0, 3, 2, 0, 1, 0, 0, 1, 0, 0, 1, 0, 3, 2, 0, 0, 0, 3, 2, 1, 0, 3, 0, 3, 0, 0, 0, 0, 3, 3, 0, 1, 3, 0, 0, 2, 0, 0, 0, 0, 0, 0, 0, 0, 0, 0, 0, 0, 3, 3, 0, 0, 2, 0, 3, 0, 0, 0, 3, 0, 3, 0, 0, 1, 0, 0, 0, 0, 0, 0, 0], "176": [0.0, 2.0, 0.0, 0.0, 0.0, 0.0, 3.0, 0.0, 3.0, 0.0, 3.0, 0.0, 0.0, 0.0, 1.0, 0, 1, 0, 0, 0, 0, 0, 1, 0, 0, 0, 3, 0, 1, 0, 0, 3, 0, 3, 0, 2, 0, 2, 0, 0, 0, 3, 0, 0, 0, 0, 1, 3, 0, 1, 0, 1, 3, 3, 0, 0, 1, 0, 1, 1, 0, 0, 0, 1, 0, 0, 3, 0, 0, 3, 1, 1, 0, 0, 0, 3, 3, 2, 0, 0, 0, 1, 0, 0, 0, 0, 0, 3, 3, 1, 0, 0, 0, 0, 0], "177": [0.0, 0.0, 0.0, 0.0, 0.0, 0.0, 0.0, 2.0, 0.0, 0.0, 2.0, 0.0, 0.0, 0.0, 3, 0, 2, 0, 0, 0, 1, 0, 0, 0, 3, 0, 3, 0, 0, 2, 0, 0, 2, 1, 3, 0, 2, 0, 0, 0, 0, 3, 3, 3, 1, 1, 3, 0, 0, 0, 1, 3, 0, 0, 1, 3, 0, 0, 0, 0, 3, 0, 2, 0, 0, 0, 0, 1, 3, 0, 0, 0, 0, 0, 2, 0, 0, 0, 2, 0, 0, 0, 1, 0, 3, 0, 3, 0, 1, 3, 3, 0, 0, 0], "178": [3.0, 3.0, 1.0, 3.0, 0.0, 1.0, 0.0, 0.0, 0.0, 1.0, 0.0, 0.0, 1.0, 1.0, 0.0, 2.0, 3.0, 0.0, 1, 0, 0, 2, 3, 0, 1, 0, 3, 0, 2, 0, 0, 0, 1, 0, 3, 0, 3, 0, 0, 0, 1, 0, 0, 0, 0, 0, 0, 3, 0, 0, 3, 0, 0, 0, 0, 0, 0, 0, 0, 0, 1, 3, 0, 1, 1, 3, 0, 0, 0, 3, 0, 0, 0, 3, 0, 0, 0, 1, 0, 0, 0, 0, 1, 0, 2, 0, 1, 1, 1, 0, 0, 0, 0, 3, 1, 1, 0, 0], "179": [0.0, 0.0, 0.0, 0.0, 1.0, 0.0, 3.0, 2.0, 3.0, 0.0, 0.0, 3.0, 2.0, 3.0, 0.0, 0.0, 2.0, 0.0, 1.0, 3.0, 0.0, 0.0, 0.0, 0.0, 1.0, 3.0, 1, 3, 0, 1, 0, 1, 0, 0, 1, 0, 1, 2, 2, 0, 0, 0, 0, 2, 3, 3, 0, 1, 0, 0, 0, 0, 0, 2, 0, 0, 1, 1, 0, 0, 2, 2, 0, 0, 0, 0, 0, 0, 0, 0, 0, 0, 0, 3, 0, 0, 0, 0, 1, 0, 0, 0, 3, 0, 0, 0, 0, 3, 0, 0, 3, 0, 0, 1, 0, 0, 0, 0, 3, 3, 2, 0, 0, 2, 0, 0], "180": [3.0, 2.0, 3.0, 1.0, 0.0, 0.0, 0.0, 1.0, 0.0, 1.0, 0.0, 0.0, 1.0, 0.0, 1.0, 0.0, 3.0, 0.0, 0, 0, 1, 0, 0, 0, 3, 0, 0, 0, 3, 2, 0, 0, 0, 0, 0, 0, 3, 3, 0, 0, 0, 0, 0, 0, 0, 0, 0, 3, 0, 2, 0, 0, 0, 2, 0, 0, 0, 0, 3, 1, 0, 0, 0, 0, 0, 0, 0, 0, 0, 1, 0, 0, 3, 0, 2, 0, 0, 0, 2, 0, 0, 3, 0, 3, 0, 0, 3, 2, 0, 0, 0, 0, 2, 0, 0, 1, 0, 0], "181": [3.0, 3.0, 0.0, 0.0, 1.0, 0.0, 3.0, 0.0, 1.0, 1.0, 0.0, 0.0, 0.0, 0.0, 0.0, 0.0, 0.0, 0.0, 0.0, 0.0, 0.0, 0.0, 0.0, 0.0, 0.0, 3.0, 0, 0, 0, 0, 1, 0, 0, 0, 2, 0, 1, 0, 0, 0, 0, 0, 3, 3, 1, 0, 0, 3, 0, 3, 0, 1, 0, 0, 3, 2, 0, 0, 0, 2, 0, 2, 0, 0, 2, 0, 2, 3, 1, 3, 3, 0, 0, 0, 3, 0, 0, 0, 0, 1, 0, 0, 0, 0, 0, 0, 3, 0, 0, 0, 0, 2, 1, 0, 1, 3, 0, 0, 0, 0, 3, 3, 0, 0, 3, 0], "182": [3.0, 0.0, 0.0, 3.0, 3.0, 0.0, 3.0, 3.0, 0.0, 0.0, 3.0, 0.0, 0.0, 0.0, 2.0, 0.0, 0.0, 3.0, 0.0, 0.0, 1, 1, 1, 0, 2, 1, 0, 2, 0, 1, 0, 0, 0, 0, 2, 1, 3, 0, 1, 3, 0, 1, 0, 0, 0, 0, 0, 0, 0, 0, 0, 0, 1, 2, 0, 0, 0, 0, 0, 0, 0, 2, 0, 0, 0, 0, 0, 0, 0, 0, 0, 3, 1, 0, 0, 0, 0, 3, 0, 0, 0, 3, 0, 0, 3, 0, 0, 2, 0, 0, 0, 1, 1, 0, 0, 0, 3, 0, 0, 0], "183": [2.0, 0.0, 0.0, 0.0, 0.0, 0.0, 2.0, 2.0, 0.0, 2.0, 3.0, 0.0, 2.0, 3.0, 0.0, 0.0, 0, 0, 3, 0, 0, 1, 0, 0, 0, 1, 0, 1, 0, 0, 0, 0, 3, 0, 1, 0, 3, 0, 0, 0, 1, 0, 0, 0, 0, 0, 2, 0, 1, 3, 0, 1, 3, 0, 0, 1, 0, 0, 3, 2, 0, 0, 0, 3, 0, 1, 0, 0, 0, 0, 2, 2, 0, 0, 0, 0, 1, 1, 0, 0, 1, 0, 0, 3, 0, 2, 0, 0, 3, 0, 0, 0, 0, 0, 0, 1], "184": [1.0, 1.0, 0.0, 3.0, 1.0, 0.0, 0.0, 3.0, 1.0, 0.0, 3.0, 0.0, 0, 0, 0, 0, 3, 1, 0, 1, 0, 0, 1, 1, 0, 3, 0, 1, 1, 0, 0, 2, 0, 3, 0, 1, 1, 0, 0, 0, 0, 0, 0, 3, 0, 0, 0, 0, 1, 0, 0, 2, 0, 2, 0, 0, 0, 0, 0, 3, 0, 0, 0, 0, 0, 0, 0, 0, 0, 1, 2, 0, 0, 3, 0, 0, 0, 0, 0, 0, 0, 0, 0, 3, 0, 0, 3, 0, 0, 0, 0, 0], "185": [0.0, 0.0, 2.0, 3.0, 2.0, 0.0, 0.0, 0.0, 0.0, 2.0, 0.0, 0.0, 0.0, 0, 0, 0, 0, 0, 0, 0, 0, 3, 0, 0, 3, 0, 0, 3, 0, 3, 0, 0, 3, 0, 0, 3, 0, 0, 3, 1, 0, 0, 0, 3, 3, 0, 3, 0, 0, 0, 1, 3, 3, 0, 3, 0, 0, 3, 0, 3, 1, 0, 0, 0, 2, 0, 3, 0, 0, 2, 0, 0, 0, 3, 1, 0, 1, 0, 0, 0, 3, 0, 0, 0, 0, 1, 1, 2, 0, 0, 0, 0, 3], "186": [0.0, 0.0, 3.0, 3.0, 0.0, 0.0, 3.0, 3.0, 3.0, 0.0, 0.0, 0.0, 0.0, 0.0, 0.0, 0.0, 0.0, 0.0, 0.0, 0.0, 0.0, 2.0, 2.0, 0, 0, 1, 3, 0, 3, 0, 2, 3, 3, 0, 0, 0, 2, 0, 0, 1, 0, 0, 0, 0, 0, 0, 0, 1, 0, 0, 2, 3, 0, 0, 1, 0, 0, 0, 1, 0, 3, 0, 2, 2, 3, 0, 0, 1, 0, 0, 0, 0, 0, 0, 0, 1, 0, 0, 1, 1, 0, 0, 0, 0, 0, 0, 0, 0, 3, 2, 2, 0, 0, 1, 0, 0, 0, 0, 0, 0, 0, 0, 3], "187": [0.0, 0.0, 3.0, 0.0, 2.0, 0.0, 0.0, 1.0, 0.0, 0.0, 2.0, 0.0, 0.0, 0.0, 0.0, 0.0, 1.0, 0.0, 1.0, 0.0, 3.0, 3.0, 1.0, 0, 0, 0, 0, 1, 1, 0, 0, 3, 0, 0, 0, 2, 0, 2, 1, 0, 0, 0, 0, 1, 0, 0, 0, 0, 3, 1, 0, 3, 0, 1, 2, 1, 0, 0, 0, 3, 0, 0, 3, 0, 0, 0, 0, 3, 0, 3, 1, 0, 0, 1, 0, 3, 0, 0, 0, 0, 2, 3, 0, 0, 0, 1, 0, 1, 0, 1, 0, 0, 0, 0, 2, 0, 0, 0, 0, 0, 1, 1, 0], "188": [3.0, 0.0, 0.0, 0.0, 1.0, 2.0, 0.0, 0.0, 0.0, 0.0, 3.0, 0.0, 0.0, 1.0, 0.0, 0.0, 1.0, 0.0, 0.0, 1.0, 0.0, 0.0, 0.0, 0.0, 0.0, 2.0, 0, 0, 0, 0, 2, 2, 0, 3, 0, 0, 3, 0, 0, 0, 1, 0, 0, 0, 0, 0, 0, 3, 3, 3, 0, 0, 3, 0, 0, 0, 1, 0, 0, 0, 2, 0, 2, 0, 0, 1, 0, 0, 3, 0, 1, 0, 0, 0, 1, 1, 2, 2, 3, 1, 0, 0, 0, 3, 0, 0, 1, 1, 1, 1, 3, 0, 0, 0, 0, 1, 0, 0, 0, 2, 0, 0, 0, 0, 3, 0], "189": [1.0, 0.0, 0.0, 0.0, 0.0, 0.0, 0.0, 0.0, 0.0, 1.0, 0.0, 3.0, 0.0, 0.0, 0.0, 0, 0, 0, 0, 0, 0, 0, 0, 0, 0, 0, 0, 1, 3, 3, 0, 2, 0, 3, 0, 3, 1, 0, 0, 0, 0, 0, 0, 0, 3, 2, 0, 0, 3, 0, 3, 0, 0, 0, 2, 0, 0, 0, 0, 0, 0, 1, 3, 1, 0, 0, 2, 0, 3, 3, 2, 0, 0, 0, 2, 0, 1, 3, 3, 0, 0, 3, 0, 0, 3, 0, 0, 3, 0, 0, 1, 0, 0, 1, 0], "190": [3.0, 0.0, 0.0, 3.0, 0.0, 1.0, 3.0, 0.0, 2.0, 0.0, 3.0, 0.0, 2.0, 3.0, 3.0, 0, 3, 0, 2, 0, 3, 0, 3, 0, 2, 0, 2, 0, 0, 0, 0, 0, 0, 1, 0, 3, 1, 1, 1, 0, 0, 0, 0, 0, 0, 0, 2, 0, 3, 1, 2, 0, 3, 1, 0, 3, 3, 1, 1, 0, 0, 0, 0, 0, 0, 0, 0, 0, 0, 2, 0, 0, 1, 0, 1, 0, 0, 3, 0, 0, 0, 2, 0, 2, 0, 0, 0, 0, 0, 2, 0, 0, 3, 0, 0], "191": [0.0, 1.0, 0.0, 0.0, 1.0, 1.0, 0.0, 0.0, 2.0, 0.0, 0.0, 1.0, 0.0, 3.0, 3.0, 0.0, 1.0, 0.0, 0.0, 3.0, 0.0, 0.0, 0.0, 1.0, 0.0, 0.0, 3.0, 0.0, 1, 0, 0, 1, 0, 3, 0, 1, 0, 0, 0, 0, 0, 1, 0, 0, 0, 0, 1, 2, 0, 0, 0, 0, 0, 0, 3, 0, 0, 0, 0, 2, 0, 1, 0, 0, 0, 0, 1, 0, 0, 0, 0, 0, 0, 0, 0, 0, 0, 0, 0, 0, 0, 0, 1, 0, 0, 1, 1, 0, 0, 0, 0, 0, 0, 0, 3, 0, 0, 0, 3, 1, 2, 0, 3, 0, 1, 0, 0, 0], "192": [0.0, 3.0, 1.0, 3.0, 0.0, 0.0, 0.0, 3.0, 0.0, 0.0, 0.0, 0.0, 0.0, 1.0, 3.0, 0.0, 3.0, 0.0, 2.0, 0.0, 0.0, 0.0, 0.0, 1.0, 0.0, 1.0, 0.0, 0.0, 3, 0, 0, 0, 0, 0, 3, 0, 0, 0, 0, 1, 0, 0, 2, 0, 0, 0, 0, 0, 0, 0, 3, 0, 0, 0, 0, 0, 0, 0, 0, 2, 0, 0, 1, 0, 0, 0, 0, 2, 0, 3, 0, 0, 0, 0, 0, 1, 0, 0, 1, 0, 0, 3, 0, 0, 0, 0, 0, 0, 0, 1, 0, 1, 0, 0, 0, 0, 2, 0, 0, 3, 0, 0, 2, 0, 3, 2, 0, 0], "193": [0.0, 3.0, 0.0, 1.0, 3.0, 0.0, 3.0, 3.0, 3.0, 3.0, 0.0, 0.0, 0.0, 0.0, 0.0, 0.0, 0.0, 0.0, 0.0, 0.0, 0.0, 0.0, 3, 0, 0, 3, 0, 0, 0, 2, 0, 0, 0, 0, 1, 3, 2, 2, 0, 0, 1, 0, 0, 3, 0, 0, 0, 0, 0, 2, 0, 0, 0, 0, 0, 0, 0, 0, 0, 1, 0, 0, 2, 0, 0, 0, 1, 1, 0, 0, 0, 0, 0, 0, 2, 0, 0, 0, 0, 0, 0, 0, 1, 0, 0, 2, 1, 1, 3, 3, 0, 0, 1, 3, 1, 0, 0, 0, 0, 0, 0, 0], "194": [0.0, 3.0, 0.0, 3.0, 3.0, 2.0, 3.0, 2.0, 3.0, 2.0, 3.0, 1.0, 0.0, 0.0, 0.0, 0.0, 0.0, 2.0, 0, 0, 1, 0, 0, 0, 0, 3, 0, 0, 0, 0, 3, 3, 0, 0, 3, 0, 3, 0, 0, 0, 3, 0, 0, 0, 0, 2, 0, 3, 3, 3, 0, 0, 0, 3, 0, 0, 1, 3, 3, 0, 3, 0, 0, 0, 0, 0, 0, 0, 0, 0, 0, 0, 1, 1, 0, 0, 3, 3, 0, 3, 0, 0, 0, 1, 0, 3, 3, 0, 0, 0, 0, 3, 0, 3, 0, 0, 0, 0], "195": [3.0, 3.0, 0.0, 2.0, 3.0, 0.0, 0.0, 0.0, 0.0, 3.0, 3.0, 0.0, 0.0, 3.0, 0.0, 0.0, 0.0, 3.0, 0.0, 3, 0, 0, 2, 0, 1, 0, 0, 0, 0, 0, 1, 0, 3, 0, 3, 0, 0, 0, 1, 0, 1, 0, 0, 3, 0, 0, 0, 1, 1, 1, 0, 3, 0, 0, 0, 0, 1, 0, 0, 0, 1, 1, 0, 0, 3, 0, 0, 0, 0, 0, 0, 0, 1, 0, 2, 0, 2, 0, 2, 0, 0, 3, 0, 3, 0, 0, 0, 0, 0, 0, 0, 3, 0, 0, 0, 0, 0, 0, 0], "196": [0.0, 0.0, 0.0, 0.0, 0.0, 0.0, 3.0, 0.0, 0.0, 1.0, 3.0, 1.0, 0.0, 2.0, 0.0, 0.0, 1.0, 3, 1, 0, 3, 0, 0, 0, 3, 2, 1, 0, 0, 0, 0, 0, 1, 1, 3, 0, 0, 0, 0, 0, 0, 0, 3, 1, 0, 0, 0, 0, 0, 3, 0, 0, 2, 0, 0, 3, 0, 0, 1, 1, 0, 0, 2, 0, 3, 0, 0, 0, 1, 2, 0, 1, 3, 0, 0, 0, 0, 3, 3, 0, 0, 0, 0, 0, 0, 3, 0, 0, 0, 0, 0, 0, 0, 0, 0, 0, 0], "197": [0.0, 0.0, 3.0, 0.0, 1.0, 3.0, 0.0, 0.0, 2.0, 0.0, 0.0, 0.0, 0.0, 0.0, 0.0, 0.0, 0.0, 0.0, 0.0, 1.0, 0, 0, 0, 0, 3, 0, 0, 0, 0, 0, 3, 0, 0, 1, 1, 0, 1, 0, 0, 0, 0, 0, 0, 0, 3, 3, 0, 0, 2, 3, 0, 0, 1, 3, 0, 0, 0, 3, 1, 0, 1, 0, 0, 3, 1, 2, 2, 0, 0, 0, 2, 3, 0, 1, 1, 0, 1, 1, 3, 3, 0, 3, 0, 1, 0, 0, 2, 0, 0, 3, 0, 0, 0, 0, 0, 3, 3, 0, 0, 0], "198": [0.0, 0.0, 0.0, 3.0, 3.0, 0.0, 0.0, 3.0, 1.0, 1.0, 0.0, 0.0, 0.0, 0.0, 0.0, 3.0, 0.0, 0, 0, 0, 1, 0, 0, 0, 0, 0, 0, 0, 0, 0, 0, 0, 1, 0, 0, 0, 0, 3, 3, 1, 3, 1, 0, 0, 0, 0, 0, 0, 3, 0, 3, 3, 0, 3, 0, 3, 2, 0, 0, 0, 0, 1, 0, 0, 0, 0, 0, 1, 0, 0, 0, 2, 0, 0, 0, 0, 0, 3, 0, 0, 0, 0, 0, 1, 0, 2, 0, 3, 0, 0, 0, 0, 1, 0, 1, 0, 0], "199": [1.0, 0.0, 3.0, 0.0, 3.0, 0.0, 3.0, 2.0, 3.0, 3.0, 0.0, 3.0, 2.0, 0.0, 0.0, 0.0, 0.0, 0.0, 2.0, 1.0, 0.0, 1.0, 0.0, 1.0, 0.0, 2.0, 0.0, 0.0, 0, 1, 3, 0, 0, 0, 0, 0, 0, 0, 1, 3, 1, 3, 1, 3, 3, 0, 0, 0, 3, 3, 0, 0, 3, 0, 0, 0, 0, 3, 0, 0, 2, 0, 0, 0, 0, 0, 0, 0, 0, 0, 0, 0, 0, 0, 0, 0, 1, 0, 0, 3, 0, 0, 0, 3, 0, 0, 0, 0, 0, 0, 0, 0, 3, 0, 0, 2, 0, 0, 2, 0, 3, 3, 0, 3, 0, 0, 0, 0], "200": [0.0, 0.0, 2.0, 3.0, 0.0, 3.0, 0.0, 0.0, 3.0, 0.0, 0.0, 0.0, 0.0, 0.0, 0.0, 0.0, 3.0, 3.0, 0.0, 0.0, 0.0, 2.0, 3.0, 0.0, 1.0, 3.0, 0, 0, 0, 3, 0, 3, 0, 0, 0, 0, 0, 0, 3, 0, 1, 2, 3, 0, 0, 0, 0, 2, 0, 0, 1, 0, 0, 1, 2, 2, 0, 0, 0, 0, 3, 0, 2, 0, 0, 0, 0, 1, 3, 0, 3, 0, 0, 0, 0, 3, 0, 0, 0, 0, 0, 0, 1, 0, 3, 0, 3, 0, 3, 0, 0, 0, 3, 1, 0, 3, 0, 0, 1, 0, 0, 2, 0, 2, 0, 0], "201": [0.0, 3.0, 0.0, 0.0, 0.0, 1.0, 0.0, 0.0, 3.0, 0.0, 0.0, 0.0, 0.0, 3.0, 3.0, 3.0, 0.0, 0.0, 0.0, 3, 1, 0, 2, 0, 0, 0, 1, 2, 3, 0, 2, 0, 0, 3, 0, 3, 0, 0, 0, 0, 3, 0, 0, 1, 0, 0, 3, 1, 0, 0, 3, 0, 0, 3, 1, 0, 0, 0, 1, 0, 0, 3, 0, 0, 0, 0, 0, 0, 0, 3, 1, 0, 0, 3, 3, 0, 1, 0, 0, 2, 1, 0, 3, 0, 3, 2, 3, 0, 0, 0, 0, 3, 0, 0, 3, 3, 0, 0, 0], "202": [0.0, 0.0, 0.0, 0.0, 0.0, 0.0, 0.0, 0.0, 0.0, 0.0, 3.0, 0.0, 0.0, 0.0, 0.0, 1.0, 0.0, 0.0, 3.0, 0.0, 0.0, 0.0, 0.0, 0.0, 0.0, 0.0, 0, 3, 1, 2, 1, 0, 0, 0, 0, 0, 2, 0, 0, 0, 0, 3, 3, 3, 0, 0, 0, 0, 1, 0, 0, 0, 0, 1, 0, 0, 0, 3, 0, 2, 0, 3, 0, 3, 0, 0, 0, 1, 0, 2, 3, 0, 2, 0, 1, 0, 3, 0, 1, 0, 0, 0, 1, 0, 0, 0, 3, 3, 3, 1, 0, 0, 1, 0, 1, 0, 0, 1, 1, 0, 0, 1, 0, 0, 0, 1], "203": [0.0, 0.0, 0.0, 3.0, 2.0, 0.0, 3.0, 0.0, 2.0, 0.0, 0.0, 0.0, 0.0, 0.0, 0.0, 0.0, 0.0, 0.0, 2.0, 3.0, 0.0, 0.0, 3.0, 0, 0, 0, 3, 0, 0, 0, 0, 0, 2, 0, 0, 0, 0, 3, 0, 2, 0, 0, 0, 0, 0, 0, 0, 0, 0, 2, 3, 3, 0, 0, 0, 0, 3, 1, 3, 0, 3, 0, 0, 0, 3, 1, 0, 0, 0, 0, 0, 0, 0, 0, 2, 0, 0, 0, 1, 0, 3, 0, 2, 0, 0, 0, 0, 0, 0, 0, 0, 3, 0, 0, 0, 0, 0, 0, 1, 3, 3, 0, 0], "204": [0.0, 1.0, 0.0, 1.0, 0.0, 0.0, 0.0, 0.0, 0.0, 3.0, 0.0, 2.0, 1.0, 0.0, 0.0, 1.0, 0.0, 2.0, 0.0, 0.0, 0.0, 3.0, 1.0, 0.0, 3.0, 0.0, 0.0, 0.0, 0, 0, 0, 0, 0, 2, 0, 0, 3, 2, 0, 0, 1, 0, 0, 0, 0, 3, 0, 0, 1, 0, 0, 0, 0, 0, 0, 0, 0, 0, 0, 3, 2, 0, 0, 3, 3, 0, 3, 0, 0, 1, 0, 0, 3, 0, 3, 0, 2, 0, 1, 0, 1, 1, 1, 0, 0, 1, 0, 0, 0, 0, 0, 0, 3, 0, 0, 0, 0, 2, 0, 0, 2, 0, 0, 3, 3, 3, 3, 2], "205": [0.0, 0.0, 0.0, 1.0, 3.0, 0.0, 3.0, 0.0, 0.0, 0.0, 0.0, 3.0, 0.0, 0.0, 0.0, 0.0, 3.0, 3.0, 3.0, 0.0, 1.0, 0.0, 0.0, 3, 3, 0, 1, 0, 2, 3, 0, 0, 3, 1, 2, 0, 3, 2, 2, 0, 0, 3, 3, 0, 1, 0, 3, 0, 3, 0, 0, 3, 0, 0, 1, 0, 0, 0, 0, 0, 3, 0, 0, 0, 0, 1, 0, 0, 0, 3, 0, 3, 0, 1, 0, 2, 1, 0, 3, 0, 0, 3, 2, 0, 1, 3, 1, 0, 3, 0, 3, 0, 0, 0, 0, 1, 0, 0, 0, 0, 0, 0, 0], "206": [0.0, 2.0, 0.0, 1.0, 0.0, 3.0, 0.0, 0.0, 0.0, 0.0, 0.0, 2.0, 0.0, 1.0, 2.0, 3.0, 0.0, 3.0, 0.0, 0.0, 1.0, 0.0, 0.0, 0.0, 0.0, 0.0, 0.0, 0.0, 1, 0, 0, 0, 0, 3, 0, 0, 3, 0, 0, 0, 0, 2, 2, 0, 3, 1, 0, 0, 1, 0, 0, 0, 1, 0, 0, 0, 0, 0, 0, 0, 3, 2, 0, 0, 0, 0, 0, 0, 0, 1, 0, 0, 0, 0, 0, 0, 0, 1, 0, 1, 3, 0, 2, 0, 0, 3, 0, 0, 3, 0, 0, 0, 0, 1, 3, 0, 2, 0, 3, 0, 2, 2, 0, 0, 0, 1, 0, 3], "207": [0.0, 0.0, 0.0, 0.0, 0.0, 0.0, 3.0, 1.0, 0.0, 0.0, 0.0, 0.0, 0.0, 3.0, 3.0, 3.0, 0.0, 0.0, 0.0, 0.0, 0.0, 0.0, 0.0, 0.0, 0.0, 0.0, 0, 0, 3, 0, 0, 0, 0, 1, 0, 0, 3, 0, 0, 0, 0, 0, 0, 1, 0, 2, 0, 0, 0, 0, 3, 1, 1, 0, 0, 0, 1, 0, 0, 0, 0, 1, 0, 0, 3, 3, 0, 0, 3, 0, 1, 0, 0, 2, 0, 0, 0, 0, 0, 0, 2, 3, 0, 0, 0, 3, 3, 0, 0, 1, 0, 0, 0, 3, 3, 0, 1, 0, 2, 0, 0, 0, 0, 0, 3, 0], "208": [0.0, 0.0, 3.0, 3.0, 0.0, 1.0, 0.0, 2.0, 0.0, 0.0, 0.0, 3.0, 2.0, 0, 0, 0, 0, 3, 0, 0, 0, 0, 1, 0, 0, 0, 0, 3, 0, 0, 0, 0, 0, 0, 0, 0, 0, 0, 3, 0, 0, 0, 3, 0, 3, 2, 0, 1, 0, 0, 1, 0, 0, 0, 1, 0, 0, 0, 1, 0, 0, 0, 0, 0, 0, 3, 1, 0, 0, 2, 1, 0, 3, 1, 0, 0, 0, 1, 0, 1, 1, 0, 3, 0, 0, 0, 0, 0, 2, 0, 0, 0, 0], "209": [0.0, 0.0, 3.0, 0.0, 1.0, 3.0, 0.0, 0.0, 2.0, 0.0, 1.0, 0.0, 0.0, 3.0, 3.0, 0.0, 3, 0, 0, 3, 3, 0, 1, 1, 0, 0, 0, 0, 0, 0, 0, 0, 0, 0, 1, 0, 0, 0, 0, 1, 0, 3, 0, 0, 0, 0, 0, 3, 0, 0, 0, 0, 0, 0, 0, 0, 0, 3, 0, 3, 0, 0, 0, 0, 0, 0, 0, 3, 3, 0, 3, 0, 0, 1, 0, 3, 0, 0, 0, 0, 3, 0, 0, 0, 0, 0, 0, 0, 0, 0, 3, 0, 1, 0, 0, 2], "210": [0.0, 3.0, 0.0, 0.0, 0.0, 0.0, 0.0, 3.0, 0.0, 0.0, 2.0, 0.0, 0.0, 0.0, 0.0, 0.0, 2.0, 0.0, 3.0, 0.0, 3, 0, 0, 0, 3, 0, 0, 0, 0, 2, 0, 0, 0, 3, 0, 1, 3, 0, 0, 0, 0, 0, 0, 0, 0, 0, 0, 0, 0, 0, 0, 3, 0, 0, 0, 0, 0, 0, 0, 3, 0, 0, 2, 2, 0, 3, 3, 0, 3, 3, 3, 0, 0, 0, 0, 2, 1, 0, 0, 0, 0, 3, 1, 0, 0, 0, 0, 0, 0, 3, 3, 0, 3, 0, 0, 0, 0, 1, 0, 3], "211": [0.0, 1.0, 0.0, 3.0, 3.0, 1.0, 3.0, 0.0, 0.0, 1.0, 0.0, 0.0, 3.0, 1.0, 0.0, 0.0, 1.0, 3, 0, 0, 2, 3, 0, 0, 0, 3, 0, 0, 0, 0, 3, 0, 3, 0, 0, 0, 3, 3, 0, 3, 1, 0, 2, 0, 3, 2, 3, 0, 1, 2, 3, 0, 0, 0, 0, 0, 0, 0, 2, 2, 0, 0, 3, 0, 0, 0, 0, 0, 0, 0, 0, 2, 3, 0, 1, 0, 0, 0, 0, 3, 0, 0, 0, 2, 0, 0, 0, 2, 0, 0, 0, 0, 1, 0, 0, 1, 0], "212": [0.0, 3.0, 0.0, 0.0, 0.0, 0.0, 2.0, 2.0, 0.0, 0.0, 0.0, 0.0, 3.0, 0.0, 0.0, 0.0, 0.0, 3.0, 0.0, 1.0, 0.0, 0.0, 1, 0, 0, 0, 3, 3, 1, 0, 1, 3, 0, 2, 0, 1, 3, 2, 0, 1, 0, 1, 0, 0, 0, 0, 0, 0, 0, 0, 3, 0, 1, 0, 0, 0, 0, 0, 1, 3, 0, 0, 0, 0, 0, 0, 0, 0, 0, 1, 0, 0, 0, 0, 2, 0, 0, 3, 0, 0, 0, 2, 0, 0, 0, 0, 0, 3, 0, 0, 0, 0, 0, 0, 0, 2, 1, 0, 0, 0, 0, 0]}