{"1": [1.0, 0.0, 0.0, 0.0, 3.0, 0.0, 0.0, 0.0, 0.0, 1.0, 1.0, 0.0, 3.0, 0.0, 3.0, 0.0, 0.0, 0.0, 0.0, 0.0, 0.0, 0.0, 0, 0, 3, 0, 0, 0, 1, 1, 2, 0, 0, 0, 1, 0, 0, 0, 3, 1, 1, 0, 0, 0, 0, 0, 1, 0, 0, 0, 1, 0, 2, 2, 1, 3, 0, 0, 0, 0, 0, 0, 0, 3, 0, 3, 0, 1, 0, 0, 3, 3, 1, 3, 0, 0, 0, 0, 3, 0, 0, 0, 0, 0, 1, 0, 0, 0, 0, 3, 3, 0, 0, 0, 0, 0, 0, 0, 0, 3, 2, 0], "2": [0.0, 0.0, 0.0, 0.0, 0.0, 0.0, 3.0, 0.0, 0.0, 0.0, 0.0, 3.0, 0.0, 2.0, 0.0, 0.0, 3.0, 0.0, 0.0, 0.0, 2.0, 0, 0, 0, 0, 0, 0, 0, 0, 0, 0, 0, 3, 0, 1, 2, 1, 0, 0, 0, 3, 0, 0, 0, 0, 0, 3, 0, 0, 0, 3, 0, 0, 0, 0, 0, 0, 0, 1, 0, 0, 0, 1, 0, 0, 0, 0, 0, 1, 0, 0, 3, 1, 1, 3, 0, 0, 0, 0, 3, 0, 0, 0, 0, 1, 0, 3, 0, 3, 1, 0, 3, 0, 0, 3, 2, 3, 0, 0, 3, 0], "3": [1.0, 3.0, 0.0, 0.0, 0.0, 0.0, 0.0, 0.0, 0.0, 0.0, 0.0, 2.0, 0.0, 0.0, 0.0, 0.0, 0.0, 0, 0, 0, 0, 0, 0, 3, 0, 3, 0, 0, 3, 0, 3, 3, 0, 0, 3, 1, 0, 0, 0, 0, 0, 2, 1, 3, 3, 0, 0, 0, 0, 0, 1, 0, 0, 0, 0, 0, 0, 0, 3, 0, 1, 1, 0, 3, 3, 0, 0, 0, 1, 3, 3, 0, 0, 0, 0, 0, 3, 0, 1, 0, 0, 3, 1, 1, 3, 0, 0, 0, 0, 3, 1, 0, 0, 0, 0, 0, 0], "4": [0.0, 3.0, 0.0, 0.0, 0.0, 0.0, 0.0, 0.0, 0.0, 3.0, 1.0, 0.0, 0.0, 0.0, 0.0, 0.0, 0.0, 1.0, 0.0, 0.0, 3, 0, 0, 0, 0, 0, 0, 0, 0, 0, 2, 0, 1, 0, 0, 0, 0, 0, 0, 0, 0, 0, 0, 0, 0, 1, 3, 0, 3, 3, 0, 0, 0, 0, 0, 1, 3, 0, 0, 0, 0, 0, 3, 0, 1, 3, 0, 0, 0, 0, 0, 0, 0, 0, 2, 2, 0, 0, 0, 3, 3, 3, 0, 3, 0, 1, 0, 0, 3, 0, 1, 0, 0, 0, 0, 0, 0, 0, 0, 0], "5": [0.0, 0.0, 0.0, 1.0, 0.0, 0.0, 3.0, 0.0, 0.0, 0.0, 0.0, 2.0, 0.0, 0.0, 0.0, 3.0, 3, 3, 0, 3, 0, 0, 1, 0, 0, 1, 0, 0, 3, 0, 1, 0, 3, 3, 0, 0, 0, 3, 0, 3, 2, 0, 0, 2, 0, 1, 0, 3, 2, 0, 0, 0, 0, 0, 1, 1, 3, 0, 0, 0, 0, 1, 2, 0, 2, 3, 0, 0, 3, 0, 0, 2, 0, 0, 0, 0, 3, 2, 1, 0, 3, 0, 0, 0, 0, 1, 0, 3, 1, 0, 2, 0, 0, 0, 1, 0], "6": [0.0, 1.0, 2.0, 0.0, 0.0, 0.0, 0.0, 0.0, 2.0, 0.0, 0.0, 1.0, 0.0, 0.0, 0.0, 0.0, 0, 2, 0, 0, 0, 1, 3, 0, 0, 3, 3, 3, 3, 3, 1, 3, 2, 0, 3, 3, 0, 3, 0, 0, 0, 0, 0, 1, 0, 1, 0, 0, 3, 0, 0, 0, 0, 3, 0, 3, 1, 3, 0, 3, 3, 1, 0, 1, 0, 3, 0, 0, 0, 3, 0, 0, 0, 1, 2, 0, 0, 0, 3, 0, 0, 0, 0, 1, 1, 0, 3, 2, 3, 1, 0, 0, 0, 0, 0, 2], "7": [1.0, 1.0, 3.0, 0.0, 1.0, 3.0, 0.0, 1.0, 0.0, 0.0, 0.0, 0.0, 3.0, 0.0, 0.0, 0.0, 0.0, 0.0, 1.0, 0.0, 0.0, 2, 0, 0, 0, 2, 1, 0, 2, 3, 0, 0, 2, 3, 0, 0, 3, 2, 1, 3, 3, 0, 0, 0, 0, 0, 0, 0, 0, 0, 0, 1, 1, 1, 0, 0, 3, 3, 3, 1, 0, 0, 0, 0, 0, 3, 1, 0, 0, 0, 3, 0, 0, 0, 0, 0, 0, 0, 0, 1, 0, 3, 0, 0, 0, 0, 0, 2, 0, 0, 0, 3, 2, 1, 3, 0, 3, 0, 0, 1, 0], "8": [0.0, 1.0, 0.0, 0.0, 0.0, 0.0, 0.0, 1.0, 0.0, 0.0, 0.0, 1.0, 0, 0, 2, 0, 0, 0, 3, 3, 3, 3, 3, 0, 3, 0, 1, 1, 1, 1, 0, 0, 1, 0, 2, 1, 0, 0, 0, 3, 1, 0, 0, 3, 0, 3, 1, 0, 0, 0, 0, 0, 2, 1, 3, 1, 3, 0, 3, 1, 0, 0, 0, 3, 0, 0, 0, 0, 0, 0, 0, 0, 1, 0, 0, 2, 0, 0, 0, 3, 0, 1, 0, 0, 3, 2, 0, 0, 0, 0, 0, 0], "9": [0.0, 3.0, 3.0, 1.0, 2.0, 1.0, 0.0, 0.0, 1.0, 0.0, 0.0, 2.0, 0.0, 3, 3, 0, 0, 1, 0, 2, 0, 2, 2, 0, 3, 3, 0, 0, 0, 2, 0, 0, 2, 0, 0, 0, 2, 0, 0, 3, 0, 0, 0, 0, 3, 3, 3, 0, 2, 0, 0, 1, 0, 0, 0, 1, 1, 1, 0, 0, 0, 0, 1, 0, 0, 2, 1, 0, 1, 3, 0, 2, 0, 3, 0, 0, 3, 0, 0, 0, 0, 0, 0, 0, 1, 0, 2, 2, 3, 1, 0, 3, 3], "10": [2.0, 0.0, 0.0, 2.0, 3.0, 1.0, 2.0, 0.0, 0.0, 1.0, 2.0, 0.0, 0, 0, 0, 0, 2, 1, 0, 0, 3, 0, 0, 0, 0, 0, 0, 0, 0, 0, 1, 2, 0, 3, 0, 2, 0, 0, 2, 2, 3, 2, 1, 0, 0, 0, 3, 3, 0, 1, 0, 0, 3, 0, 1, 3, 0, 0, 0, 1, 3, 1, 0, 0, 0, 0, 0, 2, 0, 1, 0, 1, 0, 3, 3, 0, 1, 0, 0, 3, 0, 1, 0, 3, 0, 0, 0, 2, 0, 0, 0, 0], "11": [1.0, 0.0, 0.0, 0.0, 0.0, 0.0, 0.0, 0.0, 0.0, 0.0, 1.0, 0.0, 0.0, 3.0, 0.0, 0.0, 1, 3, 0, 0, 0, 1, 0, 2, 3, 0, 0, 0, 0, 0, 0, 0, 0, 0, 1, 1, 0, 0, 1, 0, 0, 0, 0, 0, 3, 0, 0, 0, 0, 0, 0, 1, 2, 3, 0, 0, 0, 0, 0, 0, 0, 0, 0, 1, 0, 0, 0, 0, 0, 0, 0, 2, 0, 1, 2, 0, 0, 3, 3, 1, 2, 0, 0, 0, 0, 0, 1, 0, 0, 0, 1, 0, 3, 2, 0, 0], "12": [0.0, 0.0, 0.0, 0.0, 1.0, 0.0, 0.0, 0.0, 0.0, 0.0, 0.0, 0.0, 0.0, 0.0, 0.0, 0, 1, 0, 0, 1, 0, 0, 2, 0, 1, 0, 1, 1, 3, 3, 0, 1, 0, 2, 0, 0, 3, 0, 0, 3, 3, 0, 0, 1, 3, 0, 0, 3, 2, 0, 3, 0, 1, 0, 1, 0, 3, 0, 0, 0, 0, 3, 0, 3, 3, 0, 1, 0, 0, 3, 3, 0, 0, 3, 0, 0, 0, 0, 0, 3, 0, 0, 3, 3, 0, 0, 3, 0, 0, 0, 0, 3, 0, 3, 0], "13": [0.0, 0.0, 3.0, 0.0, 0.0, 0.0, 1.0, 0.0, 3.0, 0.0, 3.0, 0.0, 2.0, 0.0, 0.0, 3.0, 0.0, 3.0, 1.0, 0.0, 1.0, 0.0, 0.0, 0.0, 3.0, 0.0, 3.0, 0, 0, 0, 0, 0, 0, 0, 3, 0, 0, 0, 0, 0, 0, 0, 0, 0, 0, 0, 1, 0, 0, 0, 0, 2, 1, 0, 3, 0, 1, 0, 3, 0, 3, 0, 0, 0, 3, 3, 0, 0, 1, 3, 0, 0, 3, 1, 0, 0, 0, 0, 0, 0, 1, 0, 1, 3, 0, 3, 0, 0, 0, 3, 0, 3, 0, 0, 0, 1, 0, 0, 0, 0, 3, 0, 1, 3, 0, 1, 0], "14": [0.0, 1.0, 0.0, 2.0, 0.0, 0.0, 0.0, 1.0, 0.0, 0.0, 0.0, 3.0, 0, 0, 3, 1, 1, 3, 0, 0, 0, 0, 1, 3, 3, 0, 0, 0, 3, 3, 2, 0, 0, 0, 1, 2, 0, 3, 2, 0, 1, 0, 0, 0, 0, 0, 0, 0, 0, 0, 0, 0, 1, 0, 1, 0, 1, 0, 0, 0, 0, 0, 1, 0, 0, 0, 1, 0, 3, 0, 0, 3, 0, 0, 0, 0, 0, 0, 3, 0, 0, 3, 0, 0, 3, 0, 0, 0, 0, 0, 2, 2], "15": [3.0, 0.0, 2.0, 0.0, 3.0, 3.0, 3.0, 0.0, 0.0, 0.0, 3.0, 0.0, 3.0, 0.0, 1.0, 0.0, 3.0, 0.0, 2.0, 0, 0, 0, 0, 3, 3, 1, 1, 0, 0, 1, 0, 0, 0, 3, 3, 2, 3, 1, 0, 0, 0, 1, 0, 0, 0, 0, 2, 0, 1, 0, 0, 0, 0, 1, 0, 0, 1, 0, 0, 2, 0, 0, 0, 1, 3, 0, 0, 0, 2, 0, 0, 0, 0, 0, 0, 0, 1, 0, 1, 3, 0, 3, 3, 3, 0, 0, 0, 0, 0, 1, 0, 0, 0, 0, 0, 0, 0, 0, 0], "16": [0.0, 0.0, 0.0, 0.0, 0.0, 1.0, 0.0, 0.0, 2.0, 0.0, 1.0, 0.0, 0.0, 0.0, 0.0, 0.0, 1.0, 0.0, 2.0, 0.0, 0.0, 1.0, 0.0, 0, 0, 0, 0, 0, 0, 0, 1, 0, 0, 0, 0, 0, 0, 3, 0, 0, 0, 0, 3, 1, 0, 2, 3, 0, 0, 3, 0, 3, 0, 0, 0, 0, 0, 0, 0, 0, 0, 0, 0, 0, 0, 0, 0, 0, 0, 3, 2, 0, 0, 2, 0, 0, 0, 1, 0, 3, 2, 0, 2, 3, 1, 0, 0, 0, 0, 3, 0, 3, 0, 0, 0, 1, 0, 0, 0, 3, 0, 3, 0], "17": [0.0, 3.0, 0.0, 3.0, 0.0, 0.0, 0.0, 0.0, 2.0, 0.0, 1.0, 3.0, 0.0, 0.0, 0.0, 0.0, 0.0, 0.0, 1.0, 0.0, 1.0, 1.0, 0.0, 0.0, 2.0, 0.0, 0.0, 0.0, 0.0, 0.0, 3, 0, 0, 0, 3, 3, 3, 1, 0, 0, 3, 0, 0, 3, 0, 1, 0, 0, 0, 0, 0, 0, 0, 0, 0, 1, 0, 0, 1, 2, 0, 0, 1, 0, 1, 0, 0, 0, 0, 0, 0, 0, 0, 2, 0, 0, 0, 2, 0, 0, 3, 0, 0, 0, 0, 2, 0, 3, 2, 3, 0, 0, 0, 0, 0, 0, 0, 0, 0, 3, 0, 0, 0, 0, 0, 0, 0, 0, 0, 1], "18": [0.0, 0.0, 0.0, 1.0, 2.0, 0.0, 0.0, 0.0, 0.0, 0.0, 0.0, 0.0, 0.0, 1, 0, 3, 0, 0, 0, 1, 3, 2, 3, 0, 3, 0, 2, 2, 0, 0, 0, 3, 0, 1, 0, 1, 1, 3, 2, 0, 0, 0, 1, 0, 0, 1, 0, 0, 3, 0, 0, 0, 3, 0, 0, 1, 0, 0, 0, 0, 0, 0, 0, 0, 1, 3, 1, 0, 3, 3, 3, 0, 0, 1, 0, 0, 0, 0, 3, 0, 2, 0, 0, 1, 0, 3, 0, 0, 0, 0, 2, 0, 0], "19": [0.0, 0.0, 0.0, 2.0, 1.0, 0.0, 3.0, 0.0, 0.0, 0.0, 0.0, 2.0, 0.0, 1.0, 0, 0, 0, 3, 0, 1, 0, 0, 0, 0, 0, 0, 0, 0, 0, 0, 0, 0, 0, 0, 1, 0, 0, 2, 0, 3, 0, 1, 0, 0, 0, 0, 1, 2, 3, 0, 0, 1, 3, 0, 2, 3, 1, 1, 0, 3, 0, 0, 3, 0, 0, 3, 0, 0, 1, 3, 3, 2, 0, 3, 2, 1, 0, 0, 3, 1, 0, 3, 1, 0, 0, 0, 0, 0, 0, 1, 0, 2, 3, 3], "20": [0.0, 0.0, 0.0, 0.0, 0.0, 0.0, 0.0, 0.0, 0.0, 0.0, 0.0, 0.0, 3.0, 0.0, 0, 0, 0, 0, 0, 0, 3, 0, 1, 1, 3, 0, 0, 0, 2, 0, 2, 0, 1, 2, 0, 0, 0, 0, 0, 0, 3, 0, 3, 0, 0, 2, 0, 0, 1, 0, 0, 0, 2, 2, 1, 3, 0, 0, 0, 3, 0, 0, 3, 1, 0, 0, 0, 1, 3, 0, 0, 1, 3, 3, 2, 0, 0, 0, 0, 0, 2, 0, 0, 2, 0, 1, 0, 0, 1, 1, 0, 0, 0, 1], "21": [0.0, 1.0, 0.0, 2.0, 2.0, 0.0, 0.0, 2.0, 1.0, 1.0, 1.0, 1.0, 0.0, 0, 2, 0, 0, 0, 0, 0, 0, 3, 3, 0, 0, 0, 0, 0, 0, 0, 0, 3, 0, 0, 3, 0, 3, 3, 1, 0, 3, 0, 3, 0, 0, 0, 0, 3, 0, 0, 3, 0, 0, 0, 0, 0, 0, 0, 0, 0, 0, 0, 3, 3, 2, 0, 0, 0, 3, 3, 3, 0, 0, 1, 0, 0, 0, 0, 0, 0, 0, 0, 1, 0, 3, 1, 0, 0, 0, 0, 0, 2, 0], "22": [0.0, 0.0, 0.0, 0.0, 0.0, 0.0, 3.0, 3.0, 2.0, 0.0, 0.0, 2.0, 0.0, 0.0, 0.0, 0.0, 1.0, 0.0, 0.0, 0.0, 0.0, 0.0, 1, 1, 0, 0, 0, 0, 2, 0, 0, 0, 2, 0, 0, 0, 1, 2, 0, 0, 2, 0, 0, 0, 0, 0, 0, 3, 0, 3, 0, 2, 0, 3, 0, 1, 0, 0, 3, 0, 0, 3, 3, 1, 0, 1, 0, 0, 0, 0, 3, 0, 0, 0, 0, 0, 0, 3, 0, 0, 0, 0, 0, 0, 2, 0, 2, 0, 0, 3, 1, 0, 0, 3, 0, 1, 1, 3, 1, 1, 2, 0], "23": [0.0, 0.0, 0.0, 0.0, 0.0, 0.0, 0.0, 3.0, 0.0, 3.0, 0.0, 3.0, 0.0, 0.0, 0.0, 0.0, 3.0, 0.0, 0.0, 0.0, 0.0, 2.0, 0.0, 0.0, 0.0, 0.0, 0.0, 0.0, 3, 0, 3, 0, 1, 0, 2, 3, 0, 0, 0, 0, 3, 0, 0, 1, 2, 0, 1, 0, 2, 0, 0, 0, 0, 0, 0, 0, 0, 0, 0, 0, 0, 1, 1, 3, 0, 2, 0, 0, 0, 0, 1, 0, 3, 0, 1, 0, 1, 0, 0, 0, 0, 0, 0, 0, 0, 0, 0, 1, 0, 3, 0, 0, 0, 0, 0, 0, 0, 0, 0, 0, 0, 3, 1, 0, 3, 1, 0, 0], "24": [0.0, 1.0, 0.0, 0.0, 0.0, 0.0, 3.0, 0.0, 0.0, 1.0, 1.0, 0.0, 0.0, 1.0, 0.0, 0.0, 0, 0, 0, 1, 0, 0, 0, 1, 0, 1, 0, 2, 0, 0, 3, 3, 0, 1, 0, 0, 0, 3, 0, 1, 0, 3, 0, 0, 0, 1, 3, 0, 1, 0, 0, 0, 0, 0, 0, 1, 0, 1, 1, 0, 0, 0, 1, 1, 0, 0, 0, 1, 2, 0, 0, 1, 1, 3, 0, 1, 0, 0, 0, 0, 0, 0, 0, 0, 0, 0, 0, 0, 0, 0, 0, 0, 0, 0, 0, 0], "25": [0.0, 0.0, 0.0, 0.0, 2.0, 0.0, 0.0, 0.0, 0.0, 0.0, 0.0, 0.0, 0.0, 0.0, 2.0, 0.0, 0.0, 0.0, 0, 3, 0, 3, 0, 0, 0, 1, 0, 0, 3, 0, 0, 0, 0, 0, 0, 0, 1, 0, 1, 0, 0, 1, 3, 0, 1, 0, 0, 0, 2, 0, 0, 0, 3, 3, 1, 3, 0, 1, 0, 1, 3, 0, 0, 3, 1, 0, 0, 2, 0, 0, 1, 3, 0, 3, 0, 3, 0, 0, 1, 2, 0, 0, 1, 0, 0, 1, 3, 2, 0, 1, 0, 1, 0, 1, 0, 0, 1, 0], "26": [3.0, 0.0, 0.0, 0.0, 0.0, 0.0, 0.0, 0.0, 3.0, 0.0, 3.0, 3.0, 3.0, 0.0, 0, 0, 0, 0, 0, 0, 0, 1, 0, 0, 0, 3, 3, 0, 0, 3, 0, 0, 2, 1, 1, 1, 0, 3, 0, 0, 0, 1, 0, 1, 0, 0, 3, 3, 0, 0, 0, 3, 3, 3, 0, 1, 0, 0, 0, 0, 0, 0, 3, 0, 0, 0, 0, 0, 0, 0, 2, 0, 0, 0, 3, 0, 3, 0, 0, 0, 0, 0, 0, 2, 0, 1, 0, 0, 2, 0, 0, 1, 0, 0], "27": [1.0, 0.0, 0.0, 0.0, 0.0, 0.0, 0.0, 0.0, 0.0, 2.0, 0.0, 0.0, 0.0, 0.0, 0.0, 0.0, 0.0, 3.0, 0, 0, 0, 1, 1, 2, 0, 0, 2, 0, 0, 0, 3, 0, 0, 0, 1, 0, 0, 0, 0, 0, 0, 3, 1, 0, 0, 0, 0, 0, 0, 0, 0, 2, 0, 0, 0, 0, 0, 1, 0, 0, 3, 3, 0, 0, 0, 0, 0, 0, 2, 1, 0, 3, 0, 3, 3, 1, 0, 3, 0, 0, 0, 1, 0, 1, 0, 3, 0, 0, 0, 0, 0, 0, 2, 0, 0, 3, 0, 0], "28": [3.0, 3.0, 0.0, 3.0, 1.0, 1.0, 1.0, 1.0, 0.0, 0.0, 0.0, 0.0, 0.0, 0.0, 3.0, 0.0, 0.0, 2, 0, 0, 0, 0, 0, 0, 3, 0, 0, 0, 0, 0, 1, 1, 0, 0, 0, 0, 0, 0, 0, 0, 1, 1, 1, 0, 0, 3, 3, 0, 0, 3, 0, 1, 0, 0, 2, 0, 0, 0, 0, 0, 1, 0, 0, 2, 0, 0, 0, 3, 2, 0, 1, 0, 0, 3, 0, 0, 1, 0, 3, 1, 0, 0, 0, 0, 0, 0, 0, 3, 0, 0, 0, 0, 2, 0, 0, 0, 0], "29": [0.0, 0.0, 1.0, 1.0, 0.0, 2.0, 3.0, 0.0, 0.0, 3.0, 0.0, 1.0, 0.0, 0.0, 0.0, 2.0, 1.0, 0.0, 0.0, 0.0, 0.0, 0, 0, 0, 2, 0, 1, 3, 3, 3, 3, 0, 0, 1, 3, 3, 0, 2, 0, 2, 1, 0, 1, 0, 0, 0, 0, 0, 1, 0, 1, 0, 1, 2, 2, 0, 0, 3, 0, 0, 0, 0, 0, 0, 1, 3, 1, 0, 0, 2, 0, 2, 3, 3, 2, 0, 0, 0, 1, 0, 0, 1, 0, 3, 0, 0, 0, 0, 0, 0, 0, 3, 0, 3, 2, 0, 0, 0, 2, 0, 2], "30": [0.0, 1.0, 3.0, 0.0, 3.0, 1.0, 0.0, 0.0, 0.0, 2.0, 3.0, 3.0, 1.0, 0.0, 0.0, 0.0, 0.0, 0.0, 0.0, 0.0, 3.0, 0.0, 0.0, 1.0, 0.0, 2.0, 0.0, 0, 3, 0, 2, 0, 0, 0, 0, 0, 0, 0, 0, 3, 1, 0, 3, 0, 0, 0, 3, 1, 1, 3, 0, 0, 0, 3, 0, 0, 0, 0, 0, 0, 3, 0, 0, 0, 3, 0, 3, 0, 3, 0, 3, 0, 3, 0, 3, 0, 0, 0, 0, 2, 0, 0, 3, 0, 1, 0, 0, 0, 0, 3, 2, 0, 0, 1, 0, 0, 0, 0, 0, 3, 0, 0, 0, 0, 0, 0, 0], "31": [0.0, 0.0, 0.0, 3.0, 0.0, 2.0, 0.0, 0.0, 0.0, 3.0, 2.0, 0.0, 1.0, 1.0, 0.0, 0.0, 0.0, 0.0, 0.0, 1.0, 0.0, 2.0, 0, 0, 0, 0, 2, 0, 2, 2, 1, 0, 0, 0, 0, 3, 0, 3, 0, 0, 0, 0, 0, 0, 0, 0, 1, 0, 0, 0, 0, 0, 0, 3, 0, 0, 2, 0, 2, 3, 0, 3, 0, 0, 0, 0, 0, 0, 0, 3, 0, 3, 3, 0, 0, 3, 0, 1, 0, 2, 0, 2, 0, 1, 0, 0, 0, 1, 0, 0, 1, 0, 0, 0, 0, 3, 3, 3, 2, 0, 0, 0], "32": [0.0, 0.0, 3.0, 0.0, 0.0, 0.0, 3.0, 2.0, 0.0, 0.0, 0.0, 0.0, 0.0, 1.0, 0.0, 0.0, 0.0, 3, 0, 0, 0, 0, 0, 0, 0, 0, 0, 0, 0, 3, 0, 0, 2, 3, 0, 0, 3, 2, 0, 0, 0, 0, 3, 0, 0, 0, 0, 0, 0, 0, 0, 0, 3, 0, 0, 3, 0, 0, 0, 0, 0, 3, 3, 0, 2, 0, 0, 0, 3, 0, 0, 1, 1, 0, 1, 0, 0, 3, 0, 3, 3, 3, 0, 1, 0, 0, 0, 0, 0, 3, 0, 0, 1, 0, 0, 0, 0], "33": [0.0, 0.0, 0.0, 1.0, 0.0, 0.0, 1.0, 0.0, 0.0, 1.0, 0.0, 0.0, 1.0, 0.0, 1.0, 0, 0, 0, 3, 3, 0, 1, 2, 3, 0, 0, 2, 0, 1, 0, 0, 0, 0, 0, 0, 0, 0, 0, 0, 0, 0, 0, 0, 3, 1, 0, 3, 0, 0, 3, 0, 0, 1, 2, 3, 0, 0, 0, 0, 0, 0, 0, 0, 3, 3, 0, 1, 3, 2, 0, 3, 0, 1, 0, 0, 0, 3, 0, 2, 1, 0, 0, 1, 0, 0, 0, 0, 1, 0, 0, 0, 0, 0, 1, 3], "34": [0.0, 0.0, 0.0, 0.0, 0.0, 0.0, 0.0, 3.0, 2.0, 2.0, 0.0, 2.0, 0.0, 0.0, 0, 0, 0, 0, 0, 0, 2, 0, 0, 0, 0, 2, 1, 2, 0, 3, 0, 0, 3, 2, 0, 0, 0, 3, 0, 0, 0, 3, 0, 3, 0, 1, 0, 3, 0, 2, 0, 0, 0, 3, 0, 2, 0, 1, 0, 2, 0, 3, 1, 0, 0, 0, 0, 0, 3, 0, 2, 0, 0, 3, 0, 0, 0, 0, 3, 3, 0, 0, 0, 2, 0, 0, 0, 0, 2, 0, 1, 0, 0, 0], "35": [3.0, 0.0, 0.0, 0.0, 0.0, 0.0, 0.0, 2.0, 0.0, 0.0, 2.0, 2.0, 0.0, 0.0, 0.0, 0, 0, 0, 0, 1, 3, 1, 3, 0, 3, 0, 0, 0, 0, 1, 3, 0, 2, 0, 0, 0, 0, 0, 0, 0, 0, 0, 3, 0, 0, 0, 1, 0, 1, 0, 0, 0, 1, 0, 0, 2, 0, 0, 0, 2, 0, 0, 0, 0, 3, 0, 2, 0, 0, 0, 0, 0, 0, 0, 0, 0, 0, 0, 0, 3, 3, 0, 0, 0, 3, 0, 2, 3, 0, 0, 0, 0, 0, 0, 0], "36": [3.0, 0.0, 1.0, 0.0, 0.0, 0.0, 3.0, 1.0, 0.0, 1.0, 0.0, 0.0, 0.0, 0.0, 0.0, 0.0, 3.0, 0.0, 1.0, 1, 0, 0, 3, 0, 0, 0, 1, 1, 0, 0, 0, 0, 0, 1, 0, 1, 0, 0, 0, 0, 0, 1, 3, 0, 3, 0, 2, 3, 3, 3, 0, 3, 0, 0, 0, 0, 0, 1, 0, 0, 0, 0, 0, 0, 0, 1, 0, 0, 0, 1, 0, 0, 0, 0, 2, 0, 2, 0, 0, 1, 0, 1, 0, 3, 3, 2, 2, 0, 0, 0, 3, 0, 1, 2, 1, 0, 1, 3, 0], "37": [0.0, 1.0, 1.0, 3.0, 1.0, 1.0, 0.0, 2.0, 2.0, 2.0, 0.0, 1.0, 0.0, 3.0, 0.0, 0.0, 0.0, 2.0, 0.0, 0.0, 0, 3, 0, 0, 1, 0, 0, 3, 0, 0, 0, 1, 0, 2, 0, 3, 1, 0, 0, 0, 1, 0, 0, 0, 0, 0, 2, 0, 0, 0, 0, 0, 0, 1, 0, 0, 1, 0, 0, 1, 3, 0, 0, 0, 0, 0, 1, 0, 0, 0, 3, 0, 0, 0, 0, 2, 0, 2, 0, 0, 0, 1, 3, 0, 1, 3, 3, 0, 3, 0, 2, 0, 3, 0, 0, 2, 0, 0, 2, 0], "38": [0.0, 0.0, 0.0, 2.0, 1.0, 0.0, 3.0, 1.0, 0.0, 0.0, 0.0, 0.0, 0.0, 0.0, 0.0, 0, 2, 0, 0, 0, 2, 0, 0, 0, 0, 1, 0, 2, 0, 0, 0, 0, 0, 3, 1, 0, 0, 0, 2, 1, 0, 0, 0, 1, 0, 0, 0, 0, 3, 0, 0, 0, 1, 0, 0, 0, 0, 0, 1, 3, 0, 2, 0, 0, 2, 2, 0, 2, 0, 0, 0, 3, 1, 1, 0, 0, 0, 0, 0, 0, 0, 0, 0, 0, 0, 0, 2, 0, 3, 0, 3, 0, 0, 0, 0], "39": [0.0, 0.0, 0.0, 0.0, 1.0, 0.0, 0.0, 0.0, 0.0, 0.0, 0.0, 0.0, 0.0, 0.0, 0.0, 0.0, 0.0, 0.0, 0.0, 0, 0, 0, 0, 0, 0, 3, 0, 0, 0, 1, 0, 0, 3, 0, 0, 1, 0, 3, 1, 0, 3, 0, 3, 1, 0, 0, 0, 0, 1, 0, 0, 2, 0, 0, 1, 1, 0, 0, 1, 1, 1, 1, 0, 0, 0, 0, 3, 0, 0, 0, 0, 0, 1, 0, 0, 0, 3, 3, 0, 2, 0, 0, 0, 0, 0, 0, 2, 0, 0, 0, 0, 3, 0, 1, 3, 0, 0, 1, 3], "40": [0.0, 3.0, 0.0, 0.0, 3.0, 1.0, 0.0, 1.0, 0.0, 0.0, 0.0, 0.0, 0.0, 1, 0, 0, 0, 0, 0, 0, 0, 0, 1, 3, 0, 0, 3, 0, 0, 1, 0, 3, 0, 0, 0, 1, 0, 1, 0, 0, 0, 0, 0, 0, 1, 2, 0, 1, 0, 0, 0, 3, 0, 0, 0, 0, 1, 0, 2, 0, 0, 3, 0, 0, 0, 0, 0, 0, 2, 0, 3, 0, 0, 0, 0, 0, 0, 3, 0, 0, 3, 0, 0, 0, 0, 1, 2, 1, 0, 0, 3, 0, 0], "41": [0.0, 1.0, 0.0, 1.0, 0.0, 0.0, 0.0, 2.0, 3.0, 1.0, 0.0, 0.0, 0.0, 0.0, 1.0, 3.0, 3.0, 0.0, 2.0, 0.0, 3.0, 1, 3, 0, 0, 1, 0, 0, 2, 3, 0, 0, 0, 0, 0, 0, 0, 2, 0, 3, 0, 1, 1, 1, 0, 0, 0, 3, 3, 0, 3, 3, 0, 0, 3, 0, 3, 0, 0, 0, 3, 3, 0, 0, 0, 0, 1, 0, 2, 0, 0, 1, 0, 3, 1, 3, 1, 0, 0, 1, 0, 1, 0, 0, 0, 0, 3, 0, 0, 0, 0, 0, 0, 0, 3, 0, 0, 0, 0, 3, 0], "42": [0.0, 0.0, 3.0, 3.0, 0.0, 0.0, 0.0, 3.0, 0.0, 3.0, 0.0, 2.0, 0.0, 3.0, 0.0, 3.0, 0.0, 2.0, 0.0, 0.0, 0.0, 3.0, 1.0, 0.0, 0.0, 1, 0, 0, 0, 0, 3, 3, 0, 0, 0, 3, 3, 0, 0, 3, 0, 3, 0, 0, 0, 0, 1, 0, 0, 0, 0, 0, 2, 0, 0, 3, 0, 0, 3, 0, 0, 0, 1, 0, 0, 0, 3, 0, 0, 0, 3, 0, 2, 0, 1, 0, 1, 0, 0, 3, 2, 2, 0, 0, 0, 0, 2, 0, 0, 0, 2, 0, 0, 1, 0, 0, 0, 0, 2, 0, 2, 3, 2, 0, 3], "43": [0.0, 3.0, 0.0, 0.0, 0.0, 0.0, 0.0, 0.0, 3.0, 1.0, 0.0, 1.0, 3.0, 3.0, 0.0, 0.0, 2.0, 0.0, 0.0, 0.0, 0.0, 0.0, 0.0, 0.0, 2.0, 0.0, 1.0, 0.0, 0.0, 1.0, 0, 2, 0, 1, 0, 2, 0, 3, 1, 1, 0, 2, 0, 0, 3, 0, 3, 0, 0, 3, 0, 0, 3, 0, 0, 0, 0, 0, 0, 0, 2, 3, 0, 0, 1, 1, 0, 1, 1, 1, 1, 2, 0, 0, 1, 0, 0, 0, 1, 0, 0, 0, 3, 0, 0, 0, 0, 3, 0, 0, 0, 3, 0, 1, 1, 0, 1, 0, 1, 2, 0, 0, 0, 1, 0, 0, 2, 0, 0, 3], "44": [0.0, 0.0, 0.0, 0.0, 0.0, 0.0, 0.0, 1.0, 3.0, 0.0, 0.0, 2.0, 0.0, 0.0, 1.0, 0.0, 0.0, 0.0, 0.0, 0.0, 0.0, 0.0, 0, 0, 3, 0, 0, 0, 1, 0, 0, 0, 2, 0, 0, 0, 0, 2, 0, 2, 0, 1, 0, 0, 0, 3, 0, 0, 1, 0, 0, 0, 0, 2, 0, 0, 0, 1, 0, 0, 3, 0, 0, 0, 1, 0, 0, 0, 1, 0, 3, 0, 3, 1, 1, 1, 3, 2, 3, 0, 0, 0, 1, 3, 0, 3, 0, 0, 0, 0, 0, 0, 0, 0, 0, 0, 0, 3, 0, 0, 0, 0], "45": [0.0, 0.0, 3.0, 0.0, 0.0, 1.0, 0.0, 0.0, 0.0, 0.0, 3.0, 0.0, 0.0, 0.0, 1.0, 0.0, 3.0, 0.0, 0.0, 1.0, 3.0, 3.0, 0.0, 0.0, 0, 0, 2, 0, 0, 1, 0, 0, 1, 0, 0, 0, 2, 0, 0, 0, 0, 0, 2, 0, 3, 2, 3, 1, 3, 3, 0, 3, 0, 0, 0, 0, 0, 3, 0, 0, 3, 3, 0, 1, 0, 0, 0, 0, 3, 0, 3, 0, 0, 2, 0, 3, 0, 0, 0, 2, 0, 2, 0, 0, 0, 0, 0, 0, 0, 0, 0, 2, 0, 0, 0, 1, 0, 0, 0, 0, 0, 0, 0, 0], "46": [3.0, 0.0, 0.0, 2.0, 0.0, 0.0, 0.0, 2.0, 1.0, 0.0, 1.0, 0.0, 3.0, 0.0, 0.0, 0.0, 0.0, 0.0, 1.0, 0.0, 0.0, 0.0, 3.0, 3.0, 0.0, 3.0, 0.0, 0.0, 0, 0, 3, 0, 2, 1, 0, 0, 3, 0, 0, 0, 0, 1, 0, 0, 0, 0, 0, 3, 0, 0, 0, 0, 2, 3, 0, 0, 0, 3, 1, 3, 0, 3, 0, 3, 0, 0, 1, 2, 0, 0, 0, 0, 1, 1, 0, 0, 0, 0, 0, 0, 1, 0, 0, 0, 0, 0, 0, 0, 0, 0, 1, 0, 0, 0, 3, 0, 1, 0, 0, 1, 0, 1, 0, 0, 1, 0, 1, 0], "47": [0.0, 0.0, 0.0, 0.0, 0.0, 0.0, 0.0, 3.0, 0.0, 0.0, 0.0, 0.0, 1.0, 0.0, 0.0, 0.0, 2, 0, 0, 3, 0, 2, 0, 0, 0, 0, 0, 3, 0, 0, 0, 0, 3, 0, 1, 3, 0, 0, 0, 3, 2, 0, 0, 0, 0, 1, 0, 0, 2, 2, 1, 0, 2, 0, 0, 0, 0, 0, 0, 0, 0, 0, 0, 2, 3, 0, 3, 1, 0, 0, 0, 1, 0, 1, 0, 0, 2, 0, 0, 3, 0, 1, 1, 0, 0, 0, 0, 0, 0, 1, 0, 0, 2, 3, 0, 3], "48": [0.0, 3.0, 0.0, 0.0, 0.0, 0.0, 0.0, 0.0, 0.0, 0.0, 3.0, 0.0, 3.0, 3.0, 2.0, 0.0, 0.0, 0.0, 0, 0, 0, 2, 3, 0, 3, 0, 2, 2, 2, 1, 3, 0, 2, 0, 0, 3, 0, 3, 0, 0, 0, 0, 1, 0, 3, 0, 3, 0, 2, 0, 0, 0, 0, 1, 1, 0, 0, 0, 1, 0, 1, 0, 0, 0, 3, 0, 0, 1, 0, 0, 0, 0, 0, 0, 2, 0, 2, 2, 1, 0, 0, 0, 0, 0, 0, 0, 0, 0, 0, 0, 0, 3, 0, 0, 0, 0, 0, 0], "49": [0.0, 0.0, 0.0, 1.0, 0.0, 0.0, 1.0, 1.0, 0.0, 0.0, 0.0, 3.0, 3.0, 0.0, 0, 2, 0, 0, 0, 0, 0, 2, 0, 1, 0, 3, 0, 0, 3, 0, 0, 0, 0, 3, 0, 0, 0, 0, 0, 1, 0, 0, 3, 0, 0, 1, 2, 3, 3, 0, 2, 2, 0, 0, 0, 0, 2, 3, 0, 0, 3, 0, 1, 0, 2, 2, 0, 0, 1, 3, 0, 0, 0, 0, 0, 0, 0, 0, 0, 1, 0, 1, 0, 3, 1, 3, 0, 0, 0, 0, 0, 2, 0, 0], "50": [0.0, 0.0, 0.0, 0.0, 0.0, 1.0, 3.0, 2.0, 0.0, 3.0, 0.0, 0.0, 0.0, 3.0, 0.0, 1.0, 0.0, 0.0, 0.0, 1.0, 0.0, 0.0, 0, 0, 3, 0, 3, 0, 0, 3, 3, 3, 1, 1, 2, 2, 0, 3, 0, 0, 1, 0, 1, 0, 0, 0, 0, 1, 0, 0, 0, 3, 0, 1, 0, 0, 0, 0, 3, 0, 0, 0, 3, 2, 0, 1, 0, 2, 1, 1, 0, 0, 0, 0, 2, 0, 0, 0, 1, 3, 1, 1, 0, 0, 0, 0, 3, 0, 0, 0, 0, 1, 0, 3, 3, 0, 0, 0, 0, 0, 0, 1], "51": [0.0, 0.0, 3.0, 0.0, 3.0, 1.0, 3.0, 0.0, 0.0, 0.0, 1.0, 1.0, 0.0, 0.0, 3.0, 0, 0, 3, 0, 2, 0, 0, 0, 0, 3, 0, 0, 0, 3, 0, 1, 0, 3, 0, 0, 0, 3, 0, 3, 0, 2, 0, 2, 0, 0, 0, 1, 0, 0, 0, 0, 0, 0, 0, 1, 0, 0, 0, 0, 1, 0, 0, 3, 0, 0, 0, 3, 0, 1, 3, 0, 0, 3, 0, 0, 0, 0, 3, 0, 0, 2, 0, 0, 3, 0, 2, 0, 0, 0, 0, 0, 3, 0, 0, 0], "52": [3.0, 0.0, 0.0, 3.0, 0.0, 0.0, 2.0, 0.0, 0.0, 0.0, 0.0, 0.0, 1.0, 0.0, 3.0, 0.0, 3.0, 3.0, 1, 0, 3, 0, 3, 1, 1, 0, 0, 0, 1, 0, 0, 0, 0, 3, 0, 0, 1, 1, 0, 1, 1, 0, 2, 0, 0, 1, 0, 0, 0, 0, 1, 0, 1, 0, 0, 2, 0, 0, 0, 0, 0, 0, 1, 0, 1, 0, 0, 0, 0, 0, 0, 0, 0, 1, 0, 0, 0, 0, 0, 3, 0, 0, 0, 3, 0, 0, 2, 0, 0, 0, 0, 3, 0, 0, 0, 0, 1, 3], "53": [0.0, 0.0, 1.0, 0.0, 0.0, 2.0, 0.0, 2.0, 2.0, 0.0, 0.0, 0.0, 0.0, 3.0, 0.0, 1.0, 0.0, 0.0, 0, 0, 0, 3, 2, 0, 0, 1, 0, 0, 0, 3, 1, 3, 3, 0, 0, 0, 1, 1, 1, 2, 0, 0, 0, 0, 0, 0, 3, 0, 1, 3, 3, 0, 0, 0, 0, 0, 2, 0, 3, 0, 1, 0, 0, 2, 1, 1, 3, 0, 0, 3, 3, 0, 0, 0, 0, 0, 0, 1, 0, 1, 0, 3, 1, 0, 0, 0, 1, 0, 0, 0, 3, 3, 0, 0, 0, 0, 0, 0], "54": [0.0, 0.0, 0.0, 0.0, 3.0, 0.0, 2.0, 3.0, 0.0, 0.0, 3.0, 0.0, 0.0, 0.0, 0.0, 0.0, 0.0, 0.0, 0.0, 0.0, 0, 1, 0, 0, 0, 0, 3, 0, 0, 0, 0, 0, 1, 0, 0, 0, 2, 0, 3, 2, 0, 0, 0, 1, 0, 0, 0, 0, 0, 0, 1, 1, 1, 0, 0, 0, 1, 0, 0, 0, 0, 0, 1, 0, 0, 3, 0, 3, 3, 0, 0, 0, 0, 0, 0, 3, 3, 2, 0, 0, 3, 0, 0, 0, 0, 3, 2, 0, 0, 0, 0, 0, 3, 0, 0, 0, 0, 0, 2, 0], "55": [3.0, 1.0, 0.0, 0.0, 0.0, 0.0, 1.0, 0.0, 0.0, 0.0, 0.0, 0.0, 3.0, 0.0, 1.0, 0.0, 0.0, 2.0, 3.0, 3.0, 0.0, 3.0, 0.0, 0.0, 0, 0, 0, 1, 1, 1, 0, 0, 0, 3, 0, 0, 3, 0, 0, 3, 0, 0, 1, 0, 2, 3, 0, 1, 0, 0, 0, 0, 1, 0, 3, 1, 0, 0, 3, 3, 0, 0, 0, 1, 3, 3, 2, 0, 0, 1, 0, 3, 0, 1, 0, 0, 1, 1, 1, 0, 0, 3, 3, 0, 3, 0, 1, 3, 0, 0, 3, 1, 2, 0, 0, 0, 0, 2, 0, 0, 0, 0, 0, 0], "56": [0.0, 1.0, 0.0, 0.0, 0.0, 1.0, 0.0, 1.0, 0.0, 0.0, 0.0, 0.0, 0.0, 1.0, 0.0, 0.0, 0.0, 0.0, 0.0, 3.0, 0.0, 0.0, 3, 2, 0, 0, 0, 0, 0, 0, 0, 0, 0, 0, 0, 3, 0, 0, 2, 3, 0, 0, 0, 0, 0, 0, 0, 3, 0, 3, 1, 0, 1, 0, 3, 1, 0, 1, 0, 0, 0, 0, 1, 1, 0, 2, 0, 0, 2, 0, 0, 0, 0, 0, 0, 0, 3, 0, 0, 1, 0, 0, 3, 2, 2, 0, 0, 0, 3, 0, 0, 0, 3, 0, 0, 0, 0, 0, 1, 2, 3, 1], "57": [2.0, 0.0, 0.0, 0.0, 0.0, 0.0, 1.0, 0.0, 0.0, 1.0, 0.0, 2.0, 1.0, 0.0, 0, 0, 0, 2, 0, 3, 0, 1, 0, 0, 0, 0, 0, 0, 0, 0, 3, 0, 0, 0, 1, 0, 2, 3, 1, 0, 3, 2, 0, 1, 1, 0, 0, 0, 0, 2, 1, 3, 0, 3, 2, 0, 0, 0, 2, 0, 0, 0, 0, 0, 0, 0, 3, 1, 0, 1, 3, 1, 0, 1, 2, 0, 0, 0, 0, 0, 0, 0, 2, 0, 1, 0, 1, 1, 0, 0, 2, 0, 0, 0], "58": [0.0, 0.0, 3.0, 0.0, 1.0, 2.0, 0.0, 0.0, 0.0, 0.0, 0.0, 0.0, 0.0, 0.0, 0.0, 0.0, 0.0, 0.0, 0.0, 0, 2, 3, 0, 1, 3, 1, 0, 2, 2, 0, 0, 0, 0, 1, 0, 0, 3, 0, 0, 0, 0, 0, 3, 0, 0, 3, 2, 0, 0, 0, 0, 0, 0, 0, 3, 1, 3, 0, 0, 0, 0, 0, 1, 0, 0, 0, 0, 0, 3, 0, 0, 3, 2, 0, 0, 0, 3, 1, 1, 1, 1, 0, 0, 0, 0, 0, 2, 0, 0, 0, 3, 1, 0, 1, 0, 0, 0, 0, 0], "59": [0.0, 0.0, 0.0, 0.0, 1.0, 0.0, 1.0, 2.0, 0.0, 1.0, 0.0, 3.0, 0.0, 2.0, 0.0, 1.0, 0.0, 0.0, 0.0, 1.0, 0.0, 0.0, 0, 0, 0, 3, 0, 0, 3, 0, 1, 0, 3, 3, 2, 0, 0, 3, 1, 0, 2, 0, 0, 2, 3, 2, 0, 0, 0, 0, 0, 1, 0, 3, 0, 2, 0, 0, 1, 2, 0, 2, 3, 3, 2, 0, 0, 2, 0, 3, 3, 3, 0, 0, 1, 0, 1, 0, 3, 0, 1, 0, 0, 0, 0, 0, 3, 0, 0, 0, 0, 1, 2, 0, 0, 0, 0, 1, 0, 0, 1, 0], "60": [1.0, 0.0, 0.0, 0.0, 0.0, 0.0, 0.0, 0.0, 0.0, 0.0, 3.0, 0.0, 0.0, 0.0, 0.0, 1.0, 2.0, 0.0, 1.0, 0.0, 3.0, 0.0, 3.0, 0.0, 0.0, 3.0, 3.0, 0, 3, 0, 0, 0, 0, 1, 1, 2, 0, 0, 0, 0, 1, 0, 3, 0, 0, 0, 2, 2, 1, 3, 0, 0, 3, 0, 0, 0, 0, 0, 0, 0, 0, 3, 0, 3, 0, 0, 1, 3, 3, 0, 0, 1, 3, 0, 0, 1, 1, 0, 1, 0, 0, 0, 1, 0, 3, 0, 2, 0, 0, 0, 0, 0, 0, 3, 0, 0, 1, 0, 0, 2, 3, 1, 3, 1, 3, 0, 0], "61": [0.0, 0.0, 0.0, 0.0, 0.0, 0.0, 0.0, 1.0, 0.0, 0.0, 2.0, 0.0, 0.0, 0.0, 0, 0, 3, 1, 0, 0, 0, 0, 0, 0, 3, 0, 0, 0, 0, 1, 0, 1, 0, 3, 0, 1, 3, 3, 0, 3, 0, 0, 0, 0, 0, 0, 0, 0, 0, 3, 0, 0, 2, 0, 0, 0, 0, 2, 0, 1, 3, 3, 0, 2, 3, 0, 0, 3, 0, 0, 3, 1, 0, 0, 0, 0, 1, 3, 1, 3, 0, 2, 0, 0, 2, 0, 0, 0, 0, 0, 0, 0, 0, 0], "62": [0.0, 0.0, 3.0, 2.0, 0.0, 0.0, 0.0, 0.0, 1.0, 0.0, 0.0, 0.0, 0.0, 0.0, 0.0, 0.0, 0.0, 0.0, 0.0, 0.0, 0.0, 0.0, 0.0, 1.0, 0.0, 0.0, 0.0, 3.0, 0.0, 0.0, 2, 0, 0, 0, 0, 0, 1, 0, 0, 3, 0, 0, 3, 0, 1, 3, 0, 1, 0, 0, 0, 2, 0, 2, 0, 1, 3, 0, 0, 3, 0, 0, 1, 0, 1, 0, 1, 3, 0, 0, 2, 2, 0, 2, 0, 2, 0, 0, 0, 0, 0, 0, 0, 1, 0, 0, 0, 0, 0, 3, 0, 0, 0, 0, 1, 0, 0, 0, 0, 1, 0, 0, 0, 0, 1, 0, 0, 0, 3, 0], "63": [0.0, 2.0, 1.0, 0.0, 0.0, 2.0, 0.0, 0.0, 3.0, 0.0, 0.0, 1.0, 0.0, 0.0, 1.0, 1.0, 0.0, 1.0, 0.0, 0.0, 0.0, 3.0, 0.0, 0.0, 1.0, 0.0, 0.0, 0.0, 0.0, 3.0, 2, 2, 3, 0, 1, 3, 0, 0, 3, 0, 1, 1, 3, 3, 0, 0, 3, 3, 0, 0, 0, 0, 0, 0, 0, 0, 0, 0, 0, 1, 0, 0, 0, 0, 0, 0, 0, 3, 3, 1, 0, 1, 0, 0, 0, 3, 1, 0, 1, 0, 0, 0, 0, 0, 0, 0, 3, 0, 0, 0, 1, 0, 0, 0, 0, 1, 0, 0, 0, 0, 0, 0, 1, 1, 0, 0, 0, 0, 1, 3], "64": [0.0, 1.0, 0.0, 0.0, 0.0, 0.0, 3.0, 0.0, 0.0, 0.0, 0.0, 3.0, 0.0, 3.0, 2.0, 0.0, 0.0, 0.0, 0.0, 0.0, 1.0, 0.0, 0.0, 0.0, 1.0, 0.0, 3.0, 2.0, 0.0, 0, 0, 3, 1, 0, 0, 1, 0, 3, 0, 2, 1, 2, 0, 0, 1, 1, 0, 0, 3, 3, 0, 0, 0, 0, 0, 1, 0, 0, 0, 3, 1, 0, 1, 3, 1, 0, 2, 0, 0, 0, 0, 0, 0, 1, 0, 3, 0, 0, 2, 0, 0, 0, 0, 0, 0, 0, 0, 0, 0, 0, 0, 0, 0, 0, 3, 0, 0, 0, 0, 0, 0, 3, 0, 3, 3, 0, 0, 0, 0], "65": [0.0, 0.0, 0.0, 3.0, 1.0, 3.0, 1.0, 0.0, 0.0, 0.0, 0.0, 0.0, 3.0, 0.0, 0.0, 0.0, 0.0, 2.0, 0.0, 0.0, 3.0, 0.0, 1.0, 3.0, 0.0, 0.0, 0.0, 0.0, 3.0, 0, 0, 1, 0, 0, 0, 0, 0, 0, 0, 0, 3, 0, 1, 0, 1, 3, 1, 0, 2, 0, 0, 1, 0, 0, 3, 0, 1, 0, 0, 0, 3, 1, 0, 0, 0, 0, 2, 0, 0, 0, 0, 0, 1, 0, 0, 0, 3, 0, 3, 1, 1, 0, 0, 2, 0, 3, 0, 0, 0, 3, 0, 1, 0, 0, 0, 0, 0, 0, 0, 0, 3, 0, 3, 0, 3, 2, 0, 3, 0], "66": [0.0, 0.0, 0.0, 0.0, 2.0, 3.0, 3.0, 0.0, 0.0, 0.0, 1.0, 0.0, 1.0, 1.0, 0.0, 0.0, 3.0, 3.0, 3.0, 1.0, 0.0, 0.0, 0, 0, 0, 0, 1, 0, 0, 2, 0, 0, 0, 0, 0, 3, 0, 3, 0, 0, 0, 1, 3, 0, 3, 3, 0, 0, 0, 2, 0, 0, 3, 3, 0, 0, 2, 0, 3, 0, 3, 0, 3, 0, 0, 0, 0, 0, 1, 0, 3, 0, 3, 0, 1, 0, 3, 0, 0, 0, 3, 1, 0, 0, 3, 3, 0, 1, 0, 0, 0, 0, 1, 1, 0, 1, 0, 0, 3, 3, 0, 3], "67": [1.0, 0.0, 0.0, 0.0, 0.0, 0.0, 0.0, 0.0, 2.0, 0.0, 0.0, 0.0, 0.0, 0, 0, 0, 1, 1, 0, 1, 0, 0, 0, 0, 3, 0, 0, 3, 3, 0, 0, 0, 0, 0, 0, 0, 0, 0, 0, 0, 3, 0, 0, 0, 1, 0, 3, 0, 0, 0, 0, 3, 0, 0, 3, 1, 0, 2, 0, 0, 0, 0, 0, 1, 0, 3, 0, 2, 0, 3, 0, 0, 3, 0, 0, 0, 0, 0, 0, 3, 1, 0, 3, 0, 0, 0, 0, 1, 0, 0, 0, 0, 0], "68": [0.0, 0.0, 0.0, 2.0, 0.0, 0.0, 0.0, 0.0, 1.0, 3.0, 0.0, 0.0, 3.0, 0.0, 0.0, 2.0, 0.0, 0, 0, 0, 1, 1, 0, 0, 0, 3, 0, 0, 0, 2, 0, 0, 3, 0, 1, 1, 0, 0, 0, 0, 0, 0, 0, 0, 0, 0, 1, 0, 1, 1, 0, 0, 0, 3, 3, 1, 1, 0, 0, 0, 0, 0, 0, 3, 0, 0, 0, 0, 0, 1, 0, 0, 3, 0, 0, 0, 0, 0, 0, 0, 0, 0, 3, 0, 2, 0, 0, 0, 0, 0, 3, 0, 0, 0, 3, 1, 0], "69": [1.0, 0.0, 1.0, 1.0, 1.0, 0.0, 0.0, 0.0, 2.0, 0.0, 3.0, 3.0, 3.0, 0.0, 0.0, 0.0, 0.0, 3.0, 0.0, 3.0, 0.0, 0.0, 0.0, 0.0, 3.0, 1, 1, 0, 0, 3, 0, 0, 3, 0, 0, 0, 0, 3, 0, 1, 0, 0, 2, 0, 0, 0, 1, 0, 0, 3, 2, 0, 3, 3, 2, 0, 0, 0, 1, 0, 0, 0, 0, 1, 1, 0, 2, 3, 0, 0, 0, 1, 0, 3, 0, 1, 0, 2, 0, 0, 0, 0, 3, 0, 0, 0, 0, 2, 0, 1, 1, 0, 2, 1, 1, 0, 0, 0, 0, 0, 0, 3, 0, 3, 0], "70": [0.0, 0.0, 3.0, 2.0, 1.0, 0.0, 0.0, 1.0, 1.0, 2.0, 3.0, 2.0, 3.0, 0.0, 0.0, 0.0, 1.0, 0.0, 0.0, 0.0, 0.0, 1.0, 1.0, 0, 0, 0, 1, 0, 3, 1, 0, 0, 3, 1, 3, 0, 0, 0, 0, 0, 0, 0, 0, 0, 2, 0, 0, 0, 0, 0, 0, 3, 0, 0, 3, 1, 0, 0, 0, 0, 0, 0, 0, 1, 3, 2, 0, 0, 2, 0, 1, 0, 1, 3, 1, 0, 1, 0, 0, 0, 0, 0, 0, 3, 0, 0, 1, 3, 0, 0, 2, 0, 1, 0, 0, 0, 3, 0, 3, 2, 1, 0, 0], "71": [1.0, 0.0, 0.0, 2.0, 0.0, 0.0, 2.0, 3.0, 1.0, 0.0, 0.0, 0.0, 0.0, 3.0, 0.0, 0.0, 0.0, 0.0, 0.0, 0.0, 0.0, 0.0, 0, 0, 0, 0, 0, 0, 0, 3, 0, 3, 2, 0, 0, 1, 3, 0, 0, 0, 3, 0, 1, 0, 0, 0, 0, 3, 0, 0, 0, 3, 0, 0, 0, 0, 1, 2, 3, 0, 3, 2, 0, 0, 3, 0, 2, 0, 0, 0, 0, 0, 2, 0, 0, 0, 3, 0, 0, 3, 0, 0, 0, 0, 0, 0, 0, 0, 0, 0, 0, 0, 2, 0, 3, 1, 3, 0, 0, 0, 0, 0], "72": [0.0, 3.0, 0.0, 0.0, 1.0, 1.0, 3.0, 0.0, 1.0, 0.0, 0.0, 0.0, 0.0, 0.0, 0.0, 0.0, 0.0, 1.0, 0.0, 0.0, 3.0, 0.0, 0.0, 0.0, 1.0, 0.0, 0.0, 1.0, 0.0, 1, 0, 1, 1, 0, 2, 0, 0, 1, 0, 0, 3, 1, 3, 0, 1, 0, 0, 0, 0, 1, 0, 0, 0, 0, 1, 0, 3, 0, 0, 0, 3, 0, 0, 0, 3, 0, 0, 0, 0, 1, 3, 0, 2, 0, 0, 0, 0, 0, 1, 0, 0, 1, 1, 0, 0, 0, 0, 0, 0, 0, 0, 0, 0, 0, 0, 0, 0, 0, 0, 0, 0, 0, 3, 3, 2, 0, 3, 1, 0], "73": [0.0, 0.0, 1.0, 3.0, 0.0, 0.0, 0.0, 0.0, 1.0, 1.0, 0.0, 2.0, 0.0, 0.0, 0.0, 0.0, 2.0, 0.0, 0.0, 0.0, 3, 0, 0, 0, 3, 0, 0, 3, 1, 2, 0, 0, 1, 0, 0, 1, 1, 3, 0, 1, 0, 0, 0, 3, 0, 0, 0, 0, 3, 2, 0, 0, 0, 0, 0, 2, 0, 0, 1, 0, 0, 0, 3, 0, 1, 0, 0, 0, 1, 0, 0, 3, 0, 0, 0, 3, 0, 2, 1, 0, 3, 3, 0, 0, 3, 3, 1, 3, 0, 0, 3, 0, 1, 0, 0, 0, 0, 0, 0, 3], "74": [1.0, 0.0, 0.0, 0.0, 0.0, 0.0, 3.0, 3.0, 2.0, 3.0, 0.0, 0.0, 0.0, 0.0, 0.0, 0.0, 0.0, 0.0, 1.0, 1.0, 0.0, 0.0, 0, 1, 0, 3, 1, 3, 1, 0, 0, 0, 0, 2, 0, 0, 0, 0, 3, 3, 0, 0, 3, 0, 0, 0, 0, 0, 1, 0, 0, 0, 0, 0, 0, 0, 2, 1, 1, 0, 0, 1, 0, 0, 3, 0, 0, 0, 0, 1, 0, 3, 0, 0, 0, 1, 0, 0, 0, 2, 0, 0, 0, 0, 1, 0, 0, 0, 0, 0, 1, 0, 2, 0, 3, 3, 2, 0, 0, 2, 0, 0], "75": [0.0, 3.0, 0.0, 1.0, 0.0, 0.0, 0.0, 3.0, 0.0, 2.0, 0.0, 0.0, 1.0, 0.0, 1.0, 0, 0, 0, 0, 2, 0, 0, 0, 0, 1, 0, 0, 3, 0, 0, 0, 0, 3, 3, 0, 0, 0, 2, 0, 0, 0, 1, 0, 1, 0, 3, 0, 1, 1, 0, 2, 0, 2, 0, 0, 0, 1, 0, 0, 1, 0, 0, 0, 2, 0, 3, 0, 0, 0, 1, 1, 0, 3, 0, 0, 2, 0, 0, 0, 0, 1, 3, 0, 0, 1, 0, 0, 1, 2, 1, 1, 3, 0, 1, 3], "76": [0.0, 0.0, 0.0, 0.0, 1.0, 3.0, 3.0, 0.0, 0.0, 3.0, 0.0, 1.0, 0.0, 0.0, 0.0, 0.0, 0.0, 1.0, 0.0, 3.0, 0.0, 0.0, 0.0, 0, 0, 3, 0, 0, 0, 3, 3, 1, 3, 0, 2, 0, 0, 0, 0, 0, 0, 0, 0, 2, 2, 1, 0, 0, 0, 0, 0, 1, 0, 0, 0, 0, 2, 0, 0, 1, 0, 1, 1, 0, 0, 0, 1, 0, 0, 0, 0, 0, 1, 3, 0, 1, 0, 1, 0, 1, 0, 0, 0, 0, 0, 0, 0, 3, 0, 0, 0, 0, 3, 0, 0, 0, 0, 0, 0, 0, 0, 0, 1], "77": [0.0, 0.0, 0.0, 0.0, 1.0, 0.0, 0.0, 2.0, 0.0, 0.0, 0.0, 1.0, 0.0, 3.0, 0.0, 3.0, 1.0, 3.0, 3.0, 0.0, 0.0, 0.0, 0, 0, 1, 0, 0, 0, 0, 3, 2, 0, 0, 0, 0, 0, 0, 2, 2, 1, 0, 0, 0, 0, 0, 1, 2, 0, 3, 1, 3, 3, 1, 3, 3, 0, 2, 3, 3, 0, 0, 2, 0, 0, 1, 0, 0, 0, 0, 0, 0, 0, 0, 1, 0, 0, 3, 0, 0, 0, 0, 0, 0, 0, 0, 0, 1, 3, 0, 0, 0, 1, 0, 0, 0, 0, 0, 0, 3, 0, 3, 1], "78": [0.0, 1.0, 0.0, 0.0, 1.0, 0.0, 0.0, 3.0, 3.0, 0.0, 0.0, 0.0, 0.0, 0.0, 2.0, 0.0, 0.0, 2.0, 0.0, 1, 0, 0, 0, 0, 0, 0, 0, 0, 0, 3, 0, 0, 0, 0, 1, 0, 0, 0, 0, 0, 0, 1, 2, 0, 0, 3, 0, 0, 0, 0, 0, 0, 0, 0, 2, 1, 0, 0, 0, 0, 0, 0, 0, 0, 1, 0, 2, 3, 0, 0, 0, 3, 3, 1, 0, 0, 0, 2, 0, 0, 3, 0, 0, 2, 3, 1, 0, 3, 3, 0, 0, 0, 0, 2, 0, 0, 3, 0, 3], "79": [2.0, 0.0, 1.0, 0.0, 0.0, 0.0, 0.0, 0.0, 0.0, 0.0, 0.0, 0.0, 1.0, 0.0, 0.0, 2.0, 1.0, 3.0, 0.0, 1.0, 0.0, 0, 0, 0, 0, 0, 2, 3, 3, 1, 0, 0, 0, 0, 2, 1, 0, 3, 1, 3, 1, 1, 3, 1, 3, 0, 0, 3, 1, 0, 1, 0, 0, 3, 0, 2, 0, 0, 0, 1, 0, 3, 0, 3, 1, 1, 0, 3, 3, 1, 2, 2, 0, 2, 0, 3, 1, 0, 0, 0, 0, 0, 3, 2, 3, 0, 0, 0, 1, 0, 0, 0, 0, 0, 1, 1, 0, 3, 0, 3, 0], "80": [0.0, 0.0, 0.0, 0.0, 3.0, 3.0, 0.0, 0.0, 3.0, 0.0, 0.0, 0.0, 0.0, 1, 0, 0, 0, 0, 0, 2, 0, 0, 0, 0, 0, 3, 0, 0, 0, 0, 0, 0, 0, 1, 1, 0, 2, 0, 0, 0, 0, 0, 1, 0, 0, 0, 0, 0, 0, 1, 3, 0, 2, 0, 0, 2, 0, 1, 0, 0, 0, 0, 3, 0, 0, 0, 0, 0, 0, 0, 2, 0, 0, 3, 2, 3, 3, 0, 3, 3, 0, 1, 2, 0, 1, 0, 0, 0, 0, 0, 2, 0, 0], "81": [0.0, 0.0, 2.0, 2.0, 2.0, 0.0, 0.0, 0.0, 0.0, 0.0, 0.0, 0.0, 0.0, 0.0, 0, 1, 0, 3, 3, 0, 0, 0, 3, 0, 0, 0, 3, 0, 2, 0, 1, 0, 0, 0, 3, 0, 3, 1, 0, 0, 3, 0, 0, 0, 1, 1, 3, 0, 0, 1, 0, 0, 0, 0, 0, 3, 3, 0, 0, 0, 1, 3, 0, 0, 0, 0, 2, 0, 3, 0, 0, 0, 3, 0, 0, 0, 1, 0, 1, 0, 0, 3, 2, 0, 0, 0, 3, 0, 0, 3, 3, 0, 0, 0], "82": [3.0, 3.0, 0.0, 0.0, 3.0, 0.0, 0.0, 0.0, 0.0, 0.0, 1.0, 0.0, 0.0, 0.0, 1.0, 0.0, 0.0, 0.0, 0.0, 0.0, 0, 1, 0, 3, 1, 0, 0, 3, 0, 0, 2, 0, 0, 0, 1, 2, 0, 0, 0, 1, 3, 0, 0, 3, 0, 0, 0, 0, 2, 3, 0, 3, 0, 2, 1, 3, 1, 0, 0, 3, 1, 1, 0, 0, 1, 3, 3, 0, 0, 3, 0, 1, 0, 0, 0, 0, 3, 0, 0, 1, 0, 0, 1, 3, 3, 2, 1, 0, 0, 0, 0, 1, 0, 0, 1, 0, 0, 0, 3, 0], "83": [0.0, 0.0, 2.0, 0.0, 0.0, 0.0, 0.0, 0.0, 0.0, 0.0, 3.0, 0.0, 0.0, 0.0, 3.0, 0.0, 0.0, 0.0, 0.0, 0.0, 0, 1, 1, 0, 0, 0, 0, 0, 3, 0, 3, 0, 1, 0, 3, 2, 0, 2, 0, 1, 1, 3, 0, 0, 0, 1, 0, 0, 0, 1, 3, 0, 0, 3, 3, 0, 0, 3, 0, 3, 0, 1, 3, 1, 0, 0, 3, 0, 3, 1, 0, 1, 0, 1, 0, 0, 0, 0, 0, 0, 0, 0, 0, 1, 0, 3, 1, 0, 2, 0, 0, 0, 1, 1, 2, 0, 0, 2, 2, 0], "84": [0.0, 0.0, 0.0, 0.0, 0.0, 0.0, 0.0, 2.0, 0.0, 0.0, 0.0, 0.0, 3.0, 0.0, 1, 0, 0, 0, 0, 0, 0, 0, 0, 0, 0, 0, 0, 0, 0, 1, 0, 0, 3, 0, 0, 2, 1, 0, 0, 3, 0, 0, 0, 2, 2, 3, 0, 3, 0, 0, 0, 0, 3, 0, 0, 0, 0, 2, 0, 0, 0, 1, 0, 2, 0, 3, 0, 3, 0, 3, 0, 1, 3, 0, 1, 0, 3, 2, 0, 0, 0, 0, 1, 3, 2, 0, 0, 3, 3, 0, 0, 0, 0, 3], "85": [1.0, 0.0, 3.0, 1.0, 0.0, 0.0, 1.0, 0.0, 1.0, 1.0, 1.0, 1.0, 3.0, 0.0, 0.0, 1.0, 0.0, 0.0, 0.0, 0, 3, 3, 1, 0, 3, 0, 3, 3, 3, 1, 1, 2, 0, 1, 2, 1, 0, 0, 2, 0, 1, 0, 3, 0, 0, 0, 0, 0, 0, 0, 2, 0, 0, 0, 1, 2, 0, 1, 0, 3, 0, 3, 0, 0, 2, 0, 0, 0, 0, 0, 0, 2, 0, 2, 3, 0, 0, 3, 0, 0, 0, 0, 0, 0, 1, 0, 3, 0, 0, 0, 3, 0, 0, 2, 1, 0, 0, 0, 3], "86": [0.0, 1.0, 2.0, 2.0, 0.0, 0.0, 1.0, 0.0, 0.0, 1.0, 0.0, 0.0, 0.0, 0.0, 1.0, 1.0, 0.0, 0.0, 0.0, 0.0, 0.0, 1.0, 3.0, 0.0, 3.0, 2.0, 0.0, 3.0, 0, 3, 0, 0, 0, 0, 2, 0, 0, 3, 1, 0, 0, 1, 3, 0, 0, 0, 0, 0, 0, 1, 0, 1, 1, 0, 3, 3, 2, 1, 0, 0, 0, 0, 0, 3, 0, 3, 2, 0, 1, 0, 0, 0, 0, 0, 0, 0, 0, 0, 2, 1, 0, 0, 0, 0, 0, 0, 1, 0, 3, 0, 0, 0, 0, 0, 0, 0, 0, 0, 1, 0, 0, 0, 0, 1, 0, 0, 0, 0], "87": [0.0, 0.0, 0.0, 1.0, 0.0, 0.0, 1.0, 3.0, 0.0, 3.0, 0.0, 0.0, 0.0, 0.0, 3.0, 0.0, 0.0, 1.0, 0.0, 0.0, 0, 0, 0, 0, 3, 0, 0, 0, 3, 3, 2, 3, 0, 0, 1, 0, 2, 0, 0, 1, 0, 2, 0, 0, 0, 0, 2, 2, 0, 1, 0, 1, 0, 0, 3, 1, 0, 1, 0, 0, 0, 0, 0, 0, 0, 3, 0, 0, 3, 0, 0, 3, 0, 2, 0, 1, 0, 1, 0, 3, 0, 3, 3, 0, 0, 0, 0, 0, 0, 3, 3, 0, 0, 0, 0, 3, 2, 2, 0, 2], "88": [0.0, 3.0, 0.0, 1.0, 3.0, 0.0, 3.0, 3.0, 0.0, 1.0, 2.0, 0.0, 0.0, 0.0, 0.0, 0.0, 2.0, 1.0, 0.0, 0.0, 0.0, 0, 3, 0, 1, 1, 0, 0, 0, 0, 0, 0, 0, 0, 0, 0, 0, 0, 1, 0, 0, 0, 1, 2, 0, 0, 0, 1, 3, 0, 0, 0, 0, 0, 3, 0, 0, 0, 0, 0, 0, 0, 3, 0, 1, 1, 2, 0, 3, 2, 0, 3, 0, 0, 0, 0, 0, 0, 0, 0, 1, 0, 0, 3, 0, 3, 0, 0, 0, 1, 0, 0, 0, 0, 0, 0, 3, 0, 0, 1, 1], "89": [0.0, 0.0, 0.0, 1.0, 0.0, 0.0, 0.0, 0.0, 0.0, 0.0, 0.0, 0.0, 0.0, 0.0, 0.0, 0.0, 0.0, 1.0, 0.0, 0.0, 3.0, 0.0, 0.0, 0.0, 0.0, 0.0, 3.0, 1.0, 0.0, 1.0, 0, 3, 3, 3, 0, 0, 0, 1, 0, 3, 0, 1, 0, 0, 0, 3, 2, 0, 0, 0, 0, 0, 0, 0, 0, 0, 0, 3, 0, 1, 1, 0, 0, 0, 3, 0, 0, 0, 1, 0, 0, 0, 0, 0, 0, 0, 0, 2, 0, 0, 0, 0, 0, 0, 0, 0, 0, 0, 0, 1, 2, 3, 0, 0, 0, 0, 0, 0, 3, 0, 0, 0, 2, 1, 0, 3, 3, 3, 0, 0], "90": [3.0, 3.0, 1.0, 0.0, 0.0, 2.0, 0.0, 1.0, 3.0, 2.0, 0.0, 0.0, 0.0, 0.0, 0.0, 2.0, 0.0, 0.0, 0.0, 1.0, 2.0, 0.0, 0.0, 3.0, 0, 1, 0, 1, 1, 0, 0, 0, 0, 1, 1, 0, 0, 0, 0, 1, 0, 2, 0, 0, 0, 2, 1, 0, 0, 0, 1, 0, 0, 1, 0, 0, 1, 0, 1, 0, 0, 0, 0, 3, 1, 0, 0, 0, 3, 0, 0, 2, 3, 0, 1, 3, 0, 0, 0, 0, 0, 0, 3, 0, 0, 2, 0, 3, 0, 2, 0, 3, 0, 0, 3, 3, 0, 1, 0, 0, 0, 2, 3, 1], "91": [0.0, 0.0, 0.0, 0.0, 2.0, 0.0, 3.0, 2.0, 0.0, 0.0, 0.0, 0.0, 3.0, 0.0, 0.0, 0.0, 0.0, 0.0, 0.0, 0.0, 2, 0, 0, 0, 0, 3, 0, 0, 0, 0, 0, 0, 0, 0, 0, 0, 0, 0, 2, 0, 0, 0, 0, 0, 3, 1, 1, 0, 0, 1, 0, 0, 0, 0, 0, 2, 0, 0, 0, 0, 0, 2, 2, 0, 2, 0, 0, 3, 0, 0, 2, 0, 0, 1, 3, 3, 0, 3, 0, 0, 0, 1, 0, 0, 3, 0, 3, 0, 0, 3, 0, 0, 0, 0, 0, 0, 3, 0, 0, 0], "92": [0.0, 0.0, 0.0, 1.0, 0.0, 0.0, 0.0, 0.0, 0.0, 0.0, 0.0, 1.0, 1.0, 0.0, 1.0, 0.0, 0.0, 0.0, 2.0, 0.0, 0.0, 0, 0, 2, 0, 1, 0, 0, 0, 0, 0, 0, 0, 2, 0, 2, 0, 0, 0, 0, 2, 3, 0, 3, 0, 0, 0, 0, 3, 0, 3, 3, 3, 3, 2, 0, 0, 0, 3, 0, 0, 0, 0, 0, 0, 0, 3, 1, 3, 2, 3, 0, 0, 3, 0, 0, 3, 0, 0, 1, 1, 1, 0, 0, 1, 0, 0, 0, 0, 1, 0, 0, 0, 0, 3, 0, 2, 2, 0, 0, 1], "93": [1.0, 0.0, 0.0, 0.0, 0.0, 0.0, 0.0, 3.0, 2.0, 3.0, 0.0, 0.0, 3.0, 0, 3, 0, 0, 0, 0, 0, 0, 0, 0, 0, 1, 0, 0, 0, 0, 0, 0, 1, 0, 1, 0, 0, 3, 0, 1, 0, 1, 0, 0, 0, 2, 0, 0, 0, 1, 0, 3, 0, 0, 0, 0, 0, 0, 0, 0, 1, 0, 3, 0, 0, 0, 0, 1, 0, 0, 2, 0, 0, 3, 0, 0, 0, 0, 0, 0, 2, 0, 0, 3, 0, 0, 0, 0, 3, 0, 2, 0, 0, 2], "94": [3.0, 0.0, 3.0, 1.0, 1.0, 0.0, 0.0, 0.0, 0.0, 2.0, 2.0, 0.0, 0.0, 3.0, 0.0, 0.0, 0.0, 0.0, 1, 0, 0, 3, 0, 0, 2, 0, 3, 0, 0, 0, 0, 3, 0, 0, 0, 0, 0, 0, 0, 0, 2, 1, 1, 3, 0, 0, 0, 3, 0, 0, 3, 0, 3, 0, 0, 3, 0, 1, 0, 0, 0, 0, 0, 0, 0, 3, 0, 3, 0, 0, 3, 0, 0, 3, 0, 0, 0, 1, 0, 1, 2, 0, 2, 0, 3, 0, 0, 0, 3, 3, 0, 0, 0, 3, 2, 0, 0, 0], "95": [0.0, 0.0, 3.0, 0.0, 0.0, 0.0, 0.0, 0.0, 0.0, 0.0, 1.0, 0.0, 0.0, 0.0, 0.0, 3.0, 3.0, 0.0, 0.0, 0.0, 0.0, 0.0, 0.0, 0.0, 0.0, 0.0, 1, 0, 0, 0, 0, 0, 1, 2, 3, 0, 0, 0, 2, 0, 0, 0, 3, 0, 3, 1, 3, 0, 0, 0, 0, 0, 0, 3, 0, 0, 1, 0, 0, 0, 2, 0, 2, 1, 3, 0, 0, 0, 0, 0, 3, 0, 3, 2, 0, 0, 0, 0, 1, 3, 0, 0, 0, 3, 0, 0, 2, 3, 0, 0, 0, 1, 1, 0, 0, 3, 0, 0, 0, 0, 0, 2, 0, 3, 3, 3], "96": [1.0, 0.0, 0.0, 0.0, 0.0, 1.0, 0.0, 0.0, 0.0, 0.0, 0.0, 1.0, 2.0, 0.0, 3.0, 0.0, 0.0, 1.0, 1, 2, 1, 0, 2, 3, 0, 3, 0, 0, 3, 0, 0, 0, 3, 0, 3, 0, 0, 0, 1, 1, 3, 0, 0, 3, 3, 0, 0, 0, 0, 0, 0, 0, 0, 0, 0, 0, 3, 0, 1, 3, 0, 0, 0, 0, 1, 1, 1, 3, 3, 0, 0, 0, 0, 2, 3, 0, 0, 0, 0, 1, 0, 0, 0, 0, 0, 3, 0, 2, 3, 0, 0, 0, 1, 1, 2, 0, 0, 0], "97": [0.0, 0.0, 0.0, 1.0, 1.0, 0.0, 0.0, 1.0, 0.0, 2.0, 0.0, 0.0, 1.0, 0.0, 0.0, 0.0, 0.0, 3.0, 0.0, 0.0, 0.0, 3.0, 2.0, 0.0, 3.0, 0.0, 2.0, 0, 3, 0, 0, 1, 0, 0, 1, 1, 2, 0, 1, 0, 2, 0, 1, 0, 0, 1, 0, 3, 0, 3, 0, 1, 0, 2, 0, 3, 0, 2, 0, 0, 0, 0, 0, 0, 0, 0, 0, 0, 3, 0, 0, 0, 0, 3, 0, 0, 0, 0, 0, 3, 0, 0, 0, 1, 0, 0, 0, 0, 0, 1, 0, 0, 0, 0, 3, 0, 2, 0, 0, 0, 0, 0, 0, 0, 2, 3, 3], "98": [0.0, 1.0, 3.0, 3.0, 0.0, 0.0, 0.0, 0.0, 0.0, 2.0, 2.0, 1.0, 2.0, 2.0, 0.0, 3.0, 0.0, 2.0, 0.0, 0.0, 1.0, 1.0, 0, 2, 3, 0, 0, 0, 1, 2, 1, 0, 0, 0, 0, 0, 0, 0, 0, 3, 0, 0, 0, 0, 3, 0, 1, 2, 0, 3, 3, 0, 3, 0, 0, 0, 0, 0, 3, 3, 0, 0, 3, 0, 0, 2, 0, 0, 0, 0, 0, 0, 0, 1, 3, 0, 0, 3, 3, 0, 0, 0, 0, 0, 0, 3, 0, 0, 1, 3, 0, 3, 1, 2, 0, 0, 0, 0, 1, 1, 0, 0], "99": [3.0, 0.0, 0.0, 1.0, 0.0, 0.0, 1.0, 0.0, 3.0, 3.0, 3.0, 1.0, 0.0, 0.0, 0.0, 0.0, 0, 0, 0, 0, 0, 2, 0, 0, 0, 0, 0, 0, 0, 3, 3, 1, 0, 0, 0, 1, 0, 0, 3, 3, 2, 2, 0, 0, 0, 0, 3, 0, 0, 0, 0, 0, 0, 0, 0, 1, 1, 0, 3, 0, 1, 2, 2, 0, 0, 2, 0, 0, 0, 0, 1, 2, 0, 3, 0, 0, 0, 1, 3, 2, 0, 0, 0, 0, 0, 3, 0, 0, 0, 2, 0, 0, 2, 0, 0, 0], "100": [0.0, 0.0, 1.0, 0.0, 3.0, 0.0, 2.0, 0.0, 1.0, 3.0, 0.0, 0.0, 3.0, 3.0, 0.0, 0, 0, 0, 0, 0, 0, 0, 2, 0, 0, 0, 0, 0, 3, 2, 0, 0, 0, 0, 0, 1, 0, 0, 0, 0, 3, 0, 0, 2, 0, 0, 0, 0, 0, 3, 0, 0, 0, 2, 1, 0, 1, 0, 0, 2, 0, 0, 0, 0, 3, 1, 0, 0, 3, 2, 0, 0, 0, 3, 3, 0, 3, 3, 0, 0, 0, 0, 0, 0, 0, 0, 3, 0, 0, 0, 3, 0, 0, 3, 0], "101": [0.0, 2.0, 3.0, 3.0, 0.0, 0.0, 3.0, 0.0, 3.0, 3.0, 0.0, 0.0, 0.0, 1.0, 0, 0, 3, 3, 0, 0, 0, 0, 0, 2, 0, 0, 2, 2, 0, 0, 3, 1, 0, 1, 0, 3, 0, 0, 0, 0, 3, 0, 0, 0, 0, 0, 0, 0, 0, 0, 0, 0, 3, 0, 0, 0, 1, 1, 0, 0, 3, 0, 2, 0, 0, 0, 0, 2, 2, 0, 2, 3, 1, 0, 0, 3, 1, 0, 0, 0, 1, 0, 0, 0, 3, 0, 1, 0, 0, 0, 1, 1, 0, 1], "102": [0.0, 0.0, 0.0, 3.0, 0.0, 0.0, 0.0, 0.0, 0.0, 1.0, 0.0, 0.0, 0.0, 0.0, 0.0, 0.0, 0.0, 3.0, 0.0, 0.0, 1.0, 0.0, 0.0, 0.0, 2.0, 3.0, 0.0, 2.0, 0, 3, 3, 0, 0, 0, 0, 1, 0, 0, 3, 3, 3, 2, 0, 0, 1, 1, 0, 1, 2, 0, 0, 0, 0, 0, 3, 3, 3, 2, 0, 0, 0, 0, 0, 0, 0, 0, 0, 0, 0, 0, 0, 0, 0, 0, 0, 1, 0, 0, 0, 0, 0, 0, 0, 3, 3, 0, 0, 0, 0, 3, 0, 0, 0, 0, 0, 0, 0, 3, 0, 0, 0, 0, 3, 0, 3, 0, 0, 1], "103": [0.0, 3.0, 0.0, 0.0, 0.0, 0.0, 0.0, 0.0, 0.0, 0.0, 2.0, 1.0, 1.0, 0.0, 0.0, 0.0, 1.0, 0.0, 0.0, 0.0, 3.0, 0, 0, 0, 0, 0, 0, 0, 3, 0, 0, 0, 2, 1, 0, 1, 0, 1, 0, 1, 0, 1, 0, 0, 3, 1, 0, 0, 0, 0, 1, 3, 0, 2, 0, 0, 2, 0, 0, 0, 0, 0, 0, 3, 1, 0, 3, 0, 1, 3, 2, 1, 1, 2, 0, 0, 0, 0, 1, 0, 0, 0, 0, 0, 0, 0, 0, 1, 0, 0, 2, 0, 0, 0, 0, 2, 1, 1, 3, 1, 0], "104": [0.0, 0.0, 0.0, 0.0, 3.0, 0.0, 1.0, 0.0, 2.0, 3.0, 0.0, 0.0, 0.0, 0.0, 1.0, 3.0, 0.0, 0.0, 0.0, 0.0, 0.0, 0.0, 0.0, 0.0, 0.0, 0, 0, 1, 0, 3, 0, 1, 0, 0, 0, 0, 3, 0, 0, 0, 0, 3, 3, 0, 0, 1, 0, 3, 0, 2, 0, 0, 0, 0, 0, 1, 0, 0, 0, 3, 0, 0, 0, 3, 3, 0, 0, 0, 3, 1, 2, 3, 0, 2, 0, 2, 1, 1, 1, 2, 0, 1, 0, 0, 0, 0, 0, 0, 0, 3, 0, 0, 0, 0, 3, 0, 0, 3, 1, 0, 2, 2, 0, 0, 0], "105": [0.0, 0.0, 0.0, 0.0, 0.0, 3.0, 0.0, 1.0, 0.0, 0.0, 0.0, 2.0, 0.0, 2.0, 0.0, 0.0, 0.0, 3.0, 1.0, 0.0, 3.0, 0.0, 0.0, 0, 1, 2, 0, 0, 0, 3, 0, 0, 0, 0, 0, 0, 0, 0, 0, 0, 3, 0, 0, 0, 1, 2, 0, 3, 0, 3, 0, 3, 0, 2, 0, 0, 2, 0, 0, 2, 1, 0, 0, 0, 0, 0, 0, 0, 0, 3, 0, 0, 2, 2, 0, 3, 3, 0, 3, 0, 0, 0, 1, 0, 1, 0, 0, 0, 2, 1, 0, 0, 0, 1, 0, 2, 0, 0, 0, 0, 3, 0, 0], "106": [0.0, 0.0, 0.0, 0.0, 0.0, 0.0, 0.0, 0.0, 0.0, 0.0, 3.0, 0.0, 2.0, 3.0, 0.0, 0.0, 0.0, 3.0, 0.0, 1.0, 1.0, 3.0, 1.0, 0, 0, 0, 1, 3, 0, 0, 3, 0, 3, 2, 0, 0, 0, 0, 0, 0, 0, 2, 0, 1, 1, 0, 0, 0, 0, 0, 0, 2, 2, 0, 2, 0, 1, 3, 0, 0, 0, 0, 1, 0, 0, 2, 3, 0, 2, 0, 1, 0, 3, 1, 0, 0, 0, 0, 0, 1, 3, 0, 0, 2, 3, 1, 1, 0, 0, 0, 0, 0, 1, 0, 2, 3, 0, 0, 0, 1, 1, 0, 1], "107": [0.0, 0.0, 0.0, 0.0, 0.0, 0.0, 3.0, 1.0, 0.0, 0.0, 0.0, 0.0, 0.0, 2.0, 0.0, 0.0, 0.0, 0.0, 1.0, 0.0, 3.0, 0, 0, 0, 0, 3, 0, 3, 1, 0, 1, 0, 0, 3, 0, 0, 0, 3, 0, 0, 1, 0, 0, 3, 2, 0, 0, 3, 0, 0, 1, 1, 0, 0, 0, 1, 0, 0, 0, 0, 1, 0, 0, 0, 3, 0, 0, 0, 0, 0, 3, 3, 0, 1, 0, 0, 0, 3, 0, 0, 1, 0, 0, 3, 0, 0, 0, 3, 2, 0, 0, 1, 0, 3, 0, 1, 1, 1, 1, 3, 0], "108": [0.0, 0.0, 0.0, 0.0, 0.0, 0.0, 1.0, 0.0, 2.0, 3.0, 2.0, 0.0, 0.0, 0.0, 0.0, 0.0, 0.0, 0.0, 0.0, 0, 0, 3, 0, 3, 0, 0, 0, 0, 0, 0, 2, 0, 0, 0, 0, 0, 0, 3, 2, 0, 0, 0, 0, 0, 1, 0, 0, 0, 0, 0, 3, 0, 0, 0, 3, 0, 0, 0, 0, 3, 0, 2, 0, 0, 3, 0, 0, 2, 0, 3, 0, 0, 3, 3, 0, 0, 0, 3, 0, 0, 2, 0, 0, 2, 3, 0, 0, 0, 0, 0, 1, 0, 0, 0, 0, 0, 0, 0, 1], "109": [0.0, 0.0, 0.0, 0.0, 0.0, 2.0, 2.0, 0.0, 0.0, 0.0, 0.0, 0.0, 0.0, 1.0, 0.0, 0.0, 0.0, 0.0, 0.0, 0.0, 0.0, 0.0, 0.0, 2.0, 0.0, 0.0, 0, 2, 0, 2, 3, 0, 0, 0, 0, 0, 0, 3, 0, 0, 1, 3, 0, 0, 0, 0, 0, 0, 2, 0, 2, 0, 2, 0, 0, 1, 0, 3, 1, 0, 0, 0, 0, 3, 1, 0, 0, 0, 0, 0, 2, 0, 0, 0, 0, 1, 3, 1, 1, 3, 3, 0, 3, 0, 0, 0, 0, 0, 0, 0, 0, 3, 1, 3, 0, 0, 0, 2, 0, 0, 0, 0, 0, 1, 0, 3], "110": [1.0, 0.0, 0.0, 0.0, 0.0, 0.0, 0.0, 0.0, 1.0, 3.0, 0.0, 0.0, 0.0, 0.0, 2.0, 0.0, 0.0, 3.0, 3.0, 0.0, 0.0, 0.0, 2.0, 3.0, 0.0, 0.0, 0.0, 0, 0, 0, 0, 0, 0, 0, 0, 1, 1, 1, 0, 0, 0, 0, 2, 0, 0, 0, 0, 0, 0, 0, 0, 3, 3, 1, 0, 0, 0, 3, 1, 0, 3, 2, 1, 0, 0, 1, 0, 0, 0, 0, 0, 0, 1, 1, 3, 0, 2, 0, 0, 0, 3, 0, 0, 0, 0, 3, 0, 0, 0, 0, 1, 0, 0, 0, 1, 0, 0, 0, 0, 0, 0, 2, 1, 0, 0, 3, 0], "111": [1.0, 3.0, 0.0, 0.0, 0.0, 0.0, 0.0, 1.0, 0.0, 1.0, 0.0, 3.0, 0.0, 0.0, 0.0, 0.0, 3.0, 0.0, 0.0, 0, 3, 0, 0, 0, 0, 0, 0, 0, 3, 0, 0, 3, 0, 0, 3, 0, 0, 0, 0, 0, 0, 0, 0, 1, 0, 3, 0, 0, 0, 0, 0, 0, 3, 0, 0, 0, 0, 1, 0, 1, 0, 3, 0, 0, 3, 2, 1, 0, 0, 3, 1, 0, 0, 2, 0, 0, 0, 0, 0, 3, 0, 0, 3, 0, 1, 1, 0, 3, 0, 3, 3, 0, 0, 0, 2, 1, 0, 0, 0], "112": [3.0, 0.0, 0.0, 0.0, 0.0, 1.0, 1.0, 3.0, 3.0, 0.0, 0.0, 0.0, 0.0, 0.0, 1.0, 0.0, 0, 0, 0, 0, 0, 0, 0, 0, 0, 0, 3, 0, 1, 0, 0, 3, 0, 0, 3, 0, 3, 1, 0, 0, 0, 0, 0, 0, 0, 0, 0, 0, 3, 0, 0, 3, 2, 2, 3, 2, 3, 0, 0, 0, 3, 0, 1, 0, 0, 0, 0, 1, 0, 0, 0, 1, 0, 1, 0, 0, 0, 0, 0, 0, 0, 0, 3, 0, 0, 0, 0, 0, 3, 3, 3, 1, 0, 0, 2, 0], "113": [0.0, 0.0, 0.0, 0.0, 0.0, 0.0, 0.0, 0.0, 0.0, 0.0, 0.0, 0.0, 0.0, 3.0, 0.0, 2.0, 0.0, 0.0, 0.0, 0.0, 0, 0, 0, 3, 0, 0, 0, 0, 0, 3, 2, 0, 0, 0, 0, 0, 0, 0, 1, 0, 3, 3, 1, 3, 0, 1, 0, 3, 0, 3, 0, 3, 0, 2, 3, 3, 0, 0, 0, 2, 3, 0, 3, 0, 0, 0, 0, 0, 1, 0, 0, 3, 0, 1, 1, 2, 0, 0, 0, 0, 3, 0, 0, 0, 2, 0, 0, 0, 3, 0, 3, 0, 2, 1, 0, 3, 0, 0, 2, 1], "114": [0.0, 1.0, 0.0, 3.0, 0.0, 0.0, 0.0, 0.0, 0.0, 3.0, 0.0, 0.0, 3.0, 1.0, 0, 1, 0, 0, 0, 0, 0, 0, 0, 2, 0, 0, 0, 0, 1, 2, 0, 0, 0, 0, 1, 0, 0, 0, 3, 1, 0, 0, 0, 1, 0, 0, 3, 1, 0, 2, 2, 2, 0, 0, 1, 3, 0, 0, 2, 0, 0, 0, 0, 3, 3, 0, 3, 3, 0, 0, 3, 1, 2, 0, 1, 0, 0, 0, 0, 0, 1, 3, 0, 0, 0, 0, 0, 1, 0, 0, 0, 0, 0, 0], "115": [1.0, 0.0, 0.0, 2.0, 0.0, 0.0, 0.0, 1.0, 0.0, 0.0, 0.0, 0.0, 0.0, 1.0, 3.0, 3.0, 1.0, 0.0, 0.0, 0.0, 0.0, 0.0, 0.0, 0.0, 1.0, 0.0, 3.0, 0.0, 0, 0, 3, 0, 2, 1, 1, 0, 1, 0, 0, 1, 0, 0, 0, 3, 0, 0, 0, 0, 1, 0, 0, 0, 0, 0, 0, 1, 0, 0, 0, 0, 0, 1, 0, 0, 0, 0, 0, 0, 0, 1, 2, 0, 0, 0, 0, 0, 0, 0, 0, 0, 3, 2, 0, 0, 2, 0, 0, 1, 0, 0, 1, 0, 0, 0, 3, 3, 0, 1, 0, 0, 0, 0, 0, 0, 0, 3, 3, 0], "116": [0.0, 3.0, 0.0, 2.0, 0.0, 3.0, 0.0, 2.0, 1.0, 3.0, 1.0, 3.0, 0.0, 0.0, 0.0, 1.0, 0.0, 0, 0, 2, 1, 0, 0, 0, 1, 0, 2, 1, 0, 0, 0, 0, 3, 1, 3, 0, 0, 0, 0, 3, 1, 0, 0, 0, 0, 0, 0, 0, 0, 0, 0, 0, 0, 0, 0, 0, 2, 1, 3, 0, 3, 3, 0, 0, 2, 2, 0, 0, 0, 0, 3, 1, 0, 0, 3, 2, 0, 2, 0, 0, 0, 0, 3, 1, 0, 1, 1, 2, 0, 1, 3, 0, 0, 0, 1, 0, 2], "117": [1.0, 3.0, 0.0, 0.0, 0.0, 3.0, 3.0, 3.0, 0.0, 0.0, 1.0, 0.0, 0.0, 1.0, 1.0, 0.0, 1.0, 0.0, 0.0, 0.0, 1.0, 0.0, 0.0, 0.0, 0.0, 0.0, 1, 0, 3, 0, 0, 0, 0, 2, 1, 1, 0, 0, 3, 0, 0, 3, 0, 1, 0, 3, 0, 1, 0, 0, 0, 0, 0, 0, 0, 0, 3, 3, 0, 3, 1, 0, 0, 3, 1, 0, 3, 0, 0, 3, 0, 0, 0, 1, 0, 1, 0, 1, 0, 0, 1, 0, 0, 0, 2, 0, 0, 0, 0, 0, 0, 0, 3, 3, 3, 2, 0, 0, 0, 1, 0, 0, 3, 1, 0, 0], "118": [0.0, 2.0, 0.0, 0.0, 0.0, 0.0, 0.0, 2.0, 0.0, 0.0, 3.0, 0.0, 3.0, 0.0, 1.0, 0.0, 0.0, 3.0, 0.0, 3.0, 0.0, 0.0, 0.0, 0.0, 1.0, 0.0, 3, 0, 0, 0, 0, 2, 0, 1, 0, 0, 3, 2, 0, 2, 0, 0, 1, 0, 3, 1, 2, 3, 0, 0, 0, 1, 0, 0, 0, 0, 0, 1, 0, 0, 0, 0, 1, 0, 0, 0, 0, 0, 0, 1, 2, 0, 0, 1, 0, 0, 3, 3, 0, 0, 0, 0, 0, 3, 0, 0, 0, 1, 0, 0, 0, 0, 1, 0, 0, 1, 0, 2, 3, 0, 0, 0, 3, 0, 0, 3], "119": [0.0, 0.0, 0.0, 0.0, 3.0, 0.0, 0.0, 2.0, 0.0, 1.0, 0.0, 0.0, 1.0, 0.0, 0.0, 0.0, 0.0, 0.0, 3.0, 0.0, 0.0, 1.0, 0.0, 0.0, 0.0, 1, 0, 0, 1, 2, 0, 1, 2, 3, 0, 0, 0, 1, 0, 0, 0, 3, 0, 0, 0, 0, 3, 3, 0, 0, 0, 0, 0, 3, 3, 3, 3, 0, 3, 0, 0, 0, 0, 0, 3, 0, 0, 3, 0, 0, 0, 0, 0, 0, 2, 0, 1, 0, 0, 2, 0, 0, 0, 1, 2, 0, 1, 1, 0, 1, 0, 0, 1, 0, 0, 0, 0, 0, 0, 0, 0, 2, 0, 0, 0], "120": [0.0, 0.0, 1.0, 0.0, 0.0, 3.0, 1.0, 0.0, 0.0, 1.0, 0.0, 0.0, 0.0, 0.0, 0.0, 0.0, 0.0, 0.0, 0.0, 0.0, 0.0, 0.0, 0.0, 0.0, 0.0, 1.0, 0, 1, 0, 1, 3, 0, 0, 1, 3, 0, 3, 0, 0, 3, 0, 3, 1, 3, 0, 2, 1, 0, 0, 0, 1, 0, 2, 0, 0, 2, 0, 0, 0, 3, 0, 0, 0, 0, 0, 1, 0, 0, 3, 1, 0, 0, 0, 1, 0, 0, 0, 0, 3, 0, 0, 0, 0, 3, 3, 0, 0, 0, 0, 0, 0, 0, 0, 0, 0, 1, 3, 0, 0, 0, 0, 0, 0, 3, 0, 1], "121": [0.0, 1.0, 0.0, 0.0, 1.0, 0.0, 0.0, 0.0, 3.0, 0.0, 3.0, 0.0, 0.0, 1.0, 3.0, 0.0, 0.0, 2.0, 0.0, 0, 0, 3, 2, 0, 0, 0, 3, 3, 0, 0, 0, 1, 1, 0, 0, 3, 0, 3, 0, 0, 0, 0, 0, 2, 0, 0, 3, 0, 0, 0, 0, 0, 3, 1, 0, 0, 0, 0, 0, 0, 3, 0, 0, 0, 0, 2, 0, 0, 1, 3, 0, 1, 3, 0, 0, 0, 0, 0, 2, 3, 0, 0, 0, 0, 0, 3, 0, 0, 3, 1, 0, 0, 3, 0, 2, 0, 3, 0, 0], "122": [3.0, 0.0, 0.0, 0.0, 3.0, 0.0, 0.0, 0.0, 2.0, 0.0, 0.0, 0.0, 3.0, 0.0, 0.0, 1, 1, 0, 3, 0, 1, 0, 0, 0, 0, 0, 1, 0, 1, 0, 0, 0, 0, 0, 1, 0, 0, 0, 2, 0, 0, 0, 0, 0, 0, 0, 1, 2, 0, 0, 2, 1, 0, 0, 1, 0, 1, 0, 1, 3, 3, 2, 0, 3, 2, 0, 3, 0, 0, 3, 0, 0, 0, 3, 1, 0, 0, 0, 0, 0, 3, 0, 0, 3, 0, 1, 0, 0, 0, 0, 0, 1, 0, 0, 1], "123": [1.0, 0.0, 3.0, 1.0, 3.0, 0.0, 0.0, 3.0, 0.0, 0.0, 3.0, 0.0, 0.0, 0.0, 0.0, 2.0, 0, 0, 0, 0, 0, 2, 0, 0, 0, 0, 0, 0, 3, 0, 0, 0, 0, 0, 0, 1, 0, 2, 0, 0, 3, 0, 0, 0, 0, 2, 3, 0, 0, 0, 0, 0, 1, 3, 3, 3, 0, 0, 0, 3, 0, 0, 0, 0, 3, 0, 0, 0, 3, 0, 3, 0, 3, 1, 0, 1, 0, 0, 0, 0, 3, 0, 0, 0, 0, 0, 1, 0, 0, 2, 0, 0, 0, 0, 1, 1], "124": [0.0, 0.0, 2.0, 3.0, 3.0, 3.0, 3.0, 0.0, 0.0, 3.0, 0.0, 3.0, 0.0, 3.0, 0.0, 3.0, 3.0, 0.0, 3.0, 0, 0, 3, 0, 0, 0, 0, 0, 0, 0, 3, 0, 0, 1, 0, 0, 0, 0, 0, 1, 0, 0, 0, 0, 0, 3, 1, 0, 0, 0, 0, 0, 1, 1, 3, 1, 0, 0, 0, 0, 0, 0, 0, 0, 0, 0, 3, 0, 0, 1, 0, 0, 1, 3, 0, 0, 1, 1, 1, 0, 1, 1, 0, 0, 3, 0, 0, 0, 0, 0, 0, 0, 0, 0, 3, 1, 0, 1, 0, 0], "125": [0.0, 0.0, 0.0, 0.0, 2.0, 0.0, 2.0, 3.0, 0.0, 0.0, 0.0, 0.0, 0.0, 0.0, 0.0, 3.0, 0.0, 0.0, 0.0, 0.0, 0, 0, 0, 0, 0, 0, 3, 0, 0, 3, 0, 0, 3, 0, 0, 3, 3, 0, 1, 0, 0, 0, 2, 3, 0, 0, 0, 0, 0, 0, 1, 0, 3, 0, 3, 0, 3, 0, 1, 0, 0, 1, 2, 0, 0, 0, 0, 1, 0, 0, 0, 1, 0, 2, 0, 0, 0, 3, 1, 0, 0, 3, 2, 0, 0, 2, 0, 0, 1, 0, 2, 0, 0, 0, 1, 0, 2, 0, 1, 0], "126": [3.0, 0.0, 0.0, 0.0, 0.0, 3.0, 0.0, 0.0, 2.0, 0.0, 0.0, 0.0, 0.0, 0.0, 1.0, 3.0, 0.0, 0.0, 0.0, 1.0, 0.0, 0.0, 2.0, 0.0, 1, 2, 0, 0, 0, 0, 0, 3, 1, 0, 0, 3, 0, 2, 0, 0, 1, 0, 1, 3, 0, 0, 0, 0, 0, 2, 0, 0, 0, 0, 3, 2, 0, 0, 0, 3, 0, 0, 1, 0, 0, 0, 0, 0, 0, 3, 1, 0, 2, 0, 0, 3, 0, 2, 0, 2, 1, 3, 0, 0, 0, 3, 0, 0, 0, 0, 0, 0, 0, 1, 2, 3, 0, 0, 2, 3, 0, 0, 3, 3], "127": [0.0, 0.0, 0.0, 0.0, 0.0, 0.0, 3.0, 0.0, 3.0, 0.0, 3.0, 0.0, 0.0, 0.0, 0.0, 0.0, 1, 3, 0, 0, 3, 0, 0, 0, 1, 3, 0, 1, 0, 3, 2, 0, 0, 1, 2, 0, 0, 0, 0, 3, 0, 0, 0, 1, 3, 0, 3, 3, 0, 0, 0, 0, 0, 0, 0, 0, 0, 0, 3, 0, 0, 0, 0, 0, 0, 0, 0, 0, 1, 2, 1, 2, 3, 0, 1, 1, 0, 0, 0, 3, 1, 2, 3, 0, 0, 0, 0, 0, 0, 0, 0, 0, 0, 0, 0, 1], "128": [3.0, 3.0, 3.0, 0.0, 0.0, 0.0, 2.0, 0.0, 0.0, 3.0, 1.0, 0.0, 0.0, 0.0, 0.0, 3, 0, 0, 0, 0, 0, 3, 2, 3, 0, 1, 0, 0, 1, 0, 0, 0, 0, 0, 0, 0, 0, 0, 0, 0, 1, 3, 0, 3, 1, 1, 3, 0, 3, 1, 1, 0, 0, 0, 0, 0, 0, 0, 2, 0, 0, 0, 0, 0, 3, 1, 0, 0, 0, 3, 0, 0, 0, 0, 0, 0, 0, 0, 0, 0, 0, 2, 0, 0, 0, 0, 0, 3, 0, 1, 2, 0, 0, 0, 0], "129": [0.0, 1.0, 3.0, 2.0, 3.0, 0.0, 0.0, 0.0, 0.0, 1.0, 0.0, 2.0, 0, 0, 0, 2, 0, 0, 0, 0, 0, 0, 0, 0, 0, 0, 0, 0, 3, 0, 1, 1, 0, 0, 1, 0, 0, 3, 0, 0, 1, 0, 3, 0, 0, 0, 0, 3, 0, 0, 3, 0, 1, 0, 0, 2, 0, 0, 0, 2, 0, 0, 0, 1, 0, 0, 0, 1, 0, 2, 0, 0, 0, 0, 3, 2, 0, 1, 1, 3, 0, 0, 0, 0, 0, 0, 0, 0, 0, 0, 0, 1], "130": [2.0, 2.0, 0.0, 0.0, 0.0, 3.0, 3.0, 0.0, 0.0, 3.0, 0.0, 0.0, 0.0, 1.0, 3.0, 1, 0, 0, 2, 0, 3, 0, 0, 3, 0, 0, 0, 0, 2, 0, 3, 0, 0, 0, 0, 2, 0, 3, 3, 3, 0, 0, 1, 3, 1, 0, 1, 0, 0, 0, 0, 0, 0, 1, 1, 0, 3, 0, 0, 0, 0, 0, 0, 2, 0, 0, 0, 1, 1, 0, 0, 1, 0, 3, 0, 1, 0, 0, 2, 3, 0, 0, 0, 0, 0, 0, 2, 0, 3, 0, 0, 3, 2, 0, 0], "131": [0.0, 1.0, 0.0, 0.0, 0.0, 1.0, 0.0, 0.0, 2.0, 0.0, 0.0, 0.0, 0.0, 0.0, 0.0, 0.0, 0.0, 0.0, 0, 0, 0, 0, 0, 0, 2, 3, 0, 3, 3, 0, 0, 0, 0, 1, 0, 0, 0, 0, 1, 3, 0, 3, 1, 1, 3, 0, 0, 3, 0, 2, 0, 0, 2, 0, 0, 0, 0, 0, 0, 3, 0, 0, 0, 0, 0, 0, 0, 0, 0, 0, 0, 1, 0, 0, 0, 0, 0, 0, 0, 0, 0, 1, 0, 0, 1, 0, 0, 0, 0, 1, 0, 0, 3, 0, 0, 1, 0, 3], "132": [0.0, 0.0, 1.0, 0.0, 0.0, 0.0, 3.0, 0.0, 0.0, 1.0, 0.0, 0.0, 0.0, 2.0, 0.0, 0.0, 0, 3, 3, 0, 0, 0, 0, 0, 0, 3, 0, 3, 1, 0, 0, 3, 1, 0, 0, 1, 0, 1, 0, 0, 0, 3, 0, 3, 0, 2, 0, 0, 0, 0, 0, 0, 3, 0, 2, 1, 2, 0, 0, 0, 2, 3, 0, 3, 0, 0, 0, 3, 1, 3, 0, 0, 2, 3, 3, 0, 0, 0, 0, 0, 0, 0, 1, 3, 0, 0, 3, 0, 0, 0, 3, 2, 0, 1, 3, 2], "133": [0.0, 0.0, 0.0, 0.0, 0.0, 0.0, 3.0, 0.0, 0.0, 3.0, 2.0, 0.0, 0.0, 0.0, 0.0, 0.0, 0.0, 0.0, 1, 0, 0, 0, 0, 3, 0, 0, 3, 3, 0, 0, 0, 1, 0, 1, 0, 0, 3, 1, 0, 3, 3, 0, 0, 0, 0, 3, 3, 1, 0, 0, 0, 3, 3, 0, 3, 0, 0, 0, 1, 0, 0, 3, 3, 0, 0, 1, 1, 1, 0, 3, 0, 0, 2, 0, 0, 1, 3, 0, 0, 0, 0, 0, 3, 0, 0, 3, 0, 0, 0, 1, 0, 0, 1, 0, 0, 0, 0, 0], "134": [0.0, 2.0, 3.0, 0.0, 0.0, 1.0, 3.0, 1.0, 0.0, 0.0, 1.0, 0.0, 0.0, 0.0, 3.0, 0.0, 0.0, 0.0, 0.0, 0.0, 3.0, 1.0, 0.0, 0.0, 0, 3, 0, 0, 0, 0, 3, 0, 1, 0, 0, 0, 2, 0, 0, 0, 0, 0, 0, 0, 2, 3, 0, 0, 3, 1, 0, 0, 0, 3, 0, 0, 3, 0, 0, 0, 0, 0, 3, 2, 0, 0, 0, 0, 3, 0, 1, 3, 0, 1, 0, 3, 0, 0, 3, 0, 0, 0, 3, 3, 0, 0, 1, 0, 0, 0, 0, 1, 0, 0, 0, 0, 3, 3, 0, 0, 2, 0, 0, 0], "135": [1.0, 2.0, 3.0, 0.0, 0.0, 0.0, 1.0, 0.0, 0.0, 3.0, 1.0, 0.0, 0.0, 2.0, 0.0, 3, 3, 3, 0, 0, 3, 1, 3, 0, 0, 2, 0, 1, 3, 2, 2, 0, 1, 0, 2, 0, 0, 3, 0, 0, 0, 0, 0, 2, 0, 0, 3, 3, 0, 0, 1, 1, 3, 0, 3, 0, 1, 3, 0, 0, 3, 2, 0, 0, 1, 0, 0, 0, 0, 1, 0, 0, 1, 0, 3, 0, 0, 0, 1, 0, 0, 0, 1, 1, 0, 0, 0, 0, 3, 0, 3, 0, 0, 1, 0], "136": [0.0, 1.0, 1.0, 0.0, 1.0, 1.0, 2.0, 1.0, 0.0, 0.0, 0.0, 3.0, 0.0, 0.0, 0.0, 3.0, 0.0, 0.0, 2.0, 0.0, 1, 1, 3, 0, 0, 0, 0, 0, 1, 0, 0, 0, 3, 0, 0, 0, 0, 0, 0, 3, 3, 3, 0, 0, 3, 0, 0, 0, 0, 2, 0, 0, 0, 0, 2, 0, 0, 1, 0, 0, 0, 2, 3, 3, 0, 0, 0, 3, 2, 3, 0, 2, 0, 0, 0, 1, 0, 0, 0, 0, 0, 1, 0, 3, 0, 1, 0, 1, 0, 1, 0, 1, 0, 0, 2, 0, 0, 0, 3, 0], "137": [0.0, 0.0, 2.0, 0.0, 3.0, 0.0, 1.0, 0.0, 0.0, 3.0, 0.0, 1.0, 0.0, 3.0, 0.0, 2.0, 3.0, 0, 1, 0, 0, 0, 0, 0, 3, 3, 3, 3, 0, 0, 0, 1, 1, 3, 0, 0, 0, 0, 3, 1, 0, 0, 0, 2, 0, 1, 0, 2, 0, 0, 0, 0, 0, 3, 0, 0, 2, 0, 1, 3, 0, 0, 0, 0, 0, 3, 0, 0, 1, 0, 0, 0, 0, 0, 0, 0, 0, 0, 0, 3, 0, 0, 0, 0, 3, 3, 2, 0, 0, 0, 3, 0, 0, 0, 0, 0, 0], "138": [1.0, 0.0, 3.0, 2.0, 0.0, 0.0, 0.0, 1.0, 0.0, 0.0, 0.0, 0.0, 0.0, 0.0, 0.0, 0.0, 3.0, 0.0, 0.0, 0.0, 2.0, 1.0, 0.0, 1.0, 0.0, 3.0, 0.0, 3.0, 0.0, 0, 0, 3, 0, 0, 0, 3, 1, 0, 0, 0, 1, 0, 0, 0, 0, 3, 0, 0, 3, 0, 0, 3, 0, 0, 1, 3, 0, 3, 0, 3, 3, 3, 0, 0, 3, 3, 0, 0, 0, 0, 2, 3, 0, 0, 0, 0, 0, 0, 0, 0, 0, 0, 0, 3, 0, 0, 2, 0, 0, 1, 0, 3, 0, 0, 0, 0, 3, 0, 0, 0, 2, 2, 0, 0, 0, 0, 0, 3, 0], "139": [1.0, 0.0, 3.0, 0.0, 1.0, 0.0, 1.0, 0.0, 2.0, 0.0, 3.0, 3.0, 0.0, 3.0, 3.0, 2.0, 0.0, 0.0, 0.0, 0.0, 0.0, 0.0, 0.0, 3, 0, 0, 0, 1, 0, 0, 0, 0, 3, 0, 0, 0, 0, 0, 0, 0, 0, 0, 1, 0, 0, 0, 1, 0, 0, 0, 3, 1, 0, 0, 1, 0, 1, 0, 0, 0, 0, 2, 0, 0, 1, 0, 0, 2, 0, 0, 0, 0, 0, 1, 0, 3, 1, 0, 0, 0, 0, 0, 0, 0, 0, 0, 0, 0, 3, 0, 0, 3, 2, 0, 3, 0, 0, 0, 0, 0, 0, 0, 0], "140": [3.0, 0.0, 2.0, 0.0, 0.0, 0.0, 0.0, 0.0, 0.0, 3.0, 1.0, 0.0, 0.0, 1.0, 0.0, 0.0, 0.0, 3.0, 1.0, 2.0, 3.0, 3.0, 0, 0, 0, 1, 0, 1, 0, 0, 3, 0, 0, 2, 1, 2, 0, 0, 0, 0, 0, 2, 0, 0, 0, 3, 0, 0, 1, 2, 0, 3, 1, 0, 0, 3, 0, 3, 0, 0, 3, 0, 3, 3, 0, 3, 0, 1, 0, 2, 0, 0, 0, 0, 0, 0, 0, 0, 0, 1, 0, 0, 1, 0, 0, 0, 3, 1, 3, 0, 0, 0, 0, 2, 0, 0, 3, 2, 2, 3, 0, 1], "141": [3.0, 0.0, 3.0, 3.0, 0.0, 0.0, 0.0, 1.0, 0.0, 0.0, 0.0, 3.0, 0.0, 2.0, 0.0, 0.0, 0.0, 3.0, 1.0, 0.0, 0.0, 0.0, 1.0, 0, 0, 0, 0, 0, 3, 0, 0, 0, 0, 0, 1, 3, 0, 1, 0, 0, 0, 2, 0, 0, 1, 0, 2, 0, 0, 0, 0, 2, 0, 3, 0, 0, 0, 1, 2, 3, 0, 0, 0, 0, 0, 3, 1, 0, 1, 0, 0, 0, 0, 0, 0, 0, 1, 3, 1, 0, 1, 0, 0, 0, 0, 0, 0, 3, 0, 0, 0, 0, 0, 0, 1, 0, 2, 0, 0, 0, 0, 0, 0], "142": [3.0, 0.0, 0.0, 0.0, 0.0, 0.0, 0.0, 0.0, 0.0, 0.0, 1.0, 0.0, 0.0, 0.0, 0.0, 0.0, 0.0, 0.0, 0, 1, 3, 3, 1, 0, 3, 3, 0, 1, 0, 0, 1, 0, 0, 0, 0, 0, 3, 0, 3, 0, 0, 0, 3, 0, 0, 0, 0, 0, 1, 0, 0, 0, 1, 0, 1, 0, 0, 1, 0, 1, 0, 0, 0, 0, 0, 0, 0, 3, 0, 0, 0, 1, 0, 0, 0, 0, 2, 0, 0, 0, 3, 0, 0, 0, 0, 0, 0, 0, 0, 0, 0, 0, 1, 2, 0, 2, 0, 1], "143": [0.0, 1.0, 1.0, 0.0, 0.0, 2.0, 3.0, 1.0, 1.0, 3.0, 0.0, 3.0, 3.0, 0.0, 0.0, 0.0, 0.0, 0.0, 3.0, 0.0, 1.0, 0.0, 3.0, 0, 0, 2, 0, 0, 0, 1, 3, 0, 0, 3, 0, 0, 0, 0, 0, 0, 0, 1, 0, 0, 0, 0, 0, 1, 0, 3, 0, 3, 0, 0, 0, 0, 0, 0, 3, 0, 0, 0, 0, 0, 2, 2, 0, 0, 0, 2, 0, 3, 3, 0, 2, 0, 0, 0, 0, 0, 0, 0, 0, 0, 0, 0, 0, 2, 0, 1, 1, 0, 0, 0, 0, 0, 0, 2, 0, 0, 0, 0, 0], "144": [0.0, 3.0, 2.0, 0.0, 0.0, 0.0, 3.0, 0.0, 0.0, 0.0, 0.0, 0.0, 3.0, 0.0, 0.0, 3.0, 0.0, 0.0, 0.0, 2.0, 0, 0, 0, 0, 0, 0, 0, 0, 0, 1, 2, 0, 3, 0, 0, 1, 2, 2, 1, 0, 0, 0, 0, 0, 0, 0, 2, 0, 0, 3, 3, 3, 0, 0, 0, 3, 1, 0, 1, 0, 1, 0, 3, 0, 0, 1, 3, 0, 0, 0, 3, 0, 0, 3, 0, 3, 1, 0, 0, 0, 1, 0, 0, 2, 1, 0, 0, 0, 0, 0, 0, 2, 0, 0, 0, 0, 0, 0, 0, 0], "145": [1.0, 0.0, 0.0, 0.0, 0.0, 0.0, 0.0, 0.0, 2.0, 0.0, 3.0, 0.0, 0.0, 3.0, 0.0, 0.0, 3.0, 3.0, 2.0, 3.0, 0.0, 0.0, 0.0, 0.0, 0.0, 0.0, 1.0, 0.0, 0, 0, 0, 0, 0, 0, 0, 0, 0, 0, 0, 1, 0, 2, 0, 3, 3, 0, 0, 0, 2, 2, 0, 0, 0, 0, 0, 1, 0, 0, 0, 0, 0, 2, 0, 0, 0, 2, 0, 0, 1, 2, 3, 3, 0, 3, 0, 3, 0, 0, 3, 2, 0, 3, 3, 0, 0, 0, 0, 0, 0, 0, 0, 0, 0, 1, 1, 0, 0, 0, 2, 0, 3, 0, 0, 0, 0, 1, 3, 1], "146": [0.0, 3.0, 0.0, 0.0, 1.0, 0.0, 1.0, 0.0, 0.0, 0.0, 0.0, 0.0, 0.0, 0.0, 0.0, 0.0, 1.0, 0.0, 0.0, 0.0, 3.0, 2.0, 0.0, 3.0, 0, 0, 2, 3, 0, 0, 0, 0, 1, 0, 0, 0, 0, 1, 2, 1, 2, 0, 0, 0, 0, 0, 0, 1, 1, 0, 0, 0, 0, 3, 0, 1, 0, 2, 0, 0, 0, 1, 3, 0, 0, 0, 3, 1, 0, 3, 0, 3, 3, 0, 0, 2, 0, 3, 0, 0, 3, 0, 0, 0, 0, 0, 0, 0, 0, 3, 0, 0, 1, 3, 0, 0, 0, 1, 1, 0, 0, 0, 3, 0], "147": [0.0, 0.0, 1.0, 0.0, 0.0, 0.0, 2.0, 1.0, 3.0, 0.0, 1.0, 0.0, 0.0, 0.0, 0.0, 0.0, 0.0, 0.0, 0.0, 0.0, 0.0, 1.0, 3.0, 0.0, 1.0, 0.0, 0, 0, 0, 0, 1, 1, 0, 0, 0, 1, 0, 1, 1, 0, 2, 0, 0, 2, 0, 2, 0, 3, 1, 0, 0, 0, 0, 0, 0, 0, 0, 0, 0, 0, 0, 0, 3, 0, 1, 1, 2, 3, 0, 1, 0, 0, 0, 3, 0, 0, 3, 0, 0, 0, 0, 1, 0, 1, 3, 0, 0, 0, 0, 0, 3, 0, 0, 3, 0, 3, 3, 3, 0, 0, 0, 0, 0, 0, 3, 0], "148": [0.0, 0.0, 0.0, 1.0, 0.0, 2.0, 0.0, 2.0, 0.0, 0.0, 0.0, 0.0, 3.0, 0.0, 0.0, 0.0, 3.0, 0, 0, 0, 0, 0, 3, 0, 3, 0, 3, 3, 0, 0, 0, 2, 0, 2, 0, 0, 3, 0, 0, 0, 0, 1, 0, 3, 0, 0, 0, 0, 0, 3, 3, 1, 0, 0, 0, 0, 1, 0, 0, 0, 0, 0, 2, 0, 3, 2, 3, 0, 3, 0, 0, 3, 1, 0, 0, 1, 0, 1, 3, 1, 3, 3, 0, 1, 0, 0, 0, 3, 0, 3, 0, 0, 3, 0, 0, 0, 0], "149": [0.0, 2.0, 0.0, 3.0, 0.0, 3.0, 3.0, 2.0, 1.0, 0.0, 1.0, 0.0, 1.0, 3.0, 2.0, 0.0, 0.0, 3.0, 0.0, 0.0, 2.0, 0.0, 0.0, 1.0, 0.0, 0, 0, 0, 0, 0, 3, 1, 0, 1, 0, 0, 0, 3, 0, 0, 0, 0, 0, 0, 0, 0, 0, 0, 3, 0, 0, 0, 0, 0, 0, 0, 1, 0, 1, 0, 0, 0, 0, 3, 0, 0, 1, 0, 1, 0, 2, 0, 3, 0, 0, 0, 1, 0, 3, 0, 2, 0, 0, 0, 3, 0, 0, 0, 1, 0, 0, 3, 3, 0, 0, 0, 0, 0, 1, 0, 0, 3, 0, 0, 0], "150": [0.0, 0.0, 0.0, 2.0, 0.0, 0.0, 0.0, 0.0, 1.0, 1.0, 0.0, 0.0, 0.0, 1.0, 1.0, 0.0, 0.0, 0.0, 0.0, 1.0, 1.0, 3.0, 0.0, 0.0, 0.0, 0, 0, 0, 0, 0, 2, 0, 2, 3, 0, 0, 0, 0, 0, 0, 0, 0, 0, 0, 0, 0, 0, 0, 1, 0, 0, 0, 0, 0, 0, 0, 2, 0, 0, 0, 3, 0, 3, 0, 0, 0, 0, 0, 0, 0, 1, 0, 0, 3, 0, 3, 1, 0, 1, 0, 0, 0, 0, 1, 2, 0, 0, 0, 0, 3, 3, 0, 0, 0, 1, 0, 1, 0, 1, 0, 1, 1, 0, 3, 0], "151": [3.0, 0.0, 1.0, 0.0, 0.0, 1.0, 0.0, 0.0, 3.0, 0.0, 0.0, 0.0, 0.0, 1.0, 0.0, 2.0, 0.0, 0.0, 0.0, 0.0, 0.0, 0.0, 0.0, 0.0, 0.0, 0.0, 0.0, 0.0, 0, 0, 3, 3, 1, 0, 1, 0, 0, 0, 0, 0, 3, 3, 0, 3, 1, 0, 2, 3, 1, 3, 0, 0, 0, 0, 3, 0, 0, 0, 2, 2, 0, 0, 0, 0, 0, 3, 2, 3, 0, 0, 0, 0, 0, 0, 1, 3, 0, 0, 0, 3, 1, 0, 2, 0, 1, 3, 0, 1, 0, 0, 0, 1, 0, 0, 0, 0, 0, 1, 1, 0, 0, 0, 2, 2, 0, 0, 0, 3], "152": [3.0, 0.0, 0.0, 2.0, 0.0, 0.0, 0.0, 0.0, 0.0, 2.0, 3.0, 0.0, 1.0, 3.0, 0.0, 0.0, 1.0, 0.0, 1.0, 3.0, 1, 1, 1, 0, 0, 1, 0, 0, 3, 0, 0, 0, 2, 0, 0, 0, 0, 0, 0, 0, 2, 0, 3, 0, 0, 1, 0, 3, 0, 0, 2, 0, 2, 0, 2, 0, 0, 0, 0, 0, 2, 0, 0, 0, 0, 0, 1, 2, 0, 1, 0, 0, 0, 0, 0, 3, 0, 0, 0, 1, 0, 3, 0, 2, 0, 0, 0, 0, 0, 0, 0, 0, 3, 1, 0, 0, 0, 0, 0, 0], "153": [2.0, 0.0, 0.0, 0.0, 1.0, 0.0, 0.0, 1.0, 3.0, 0.0, 0.0, 0.0, 0.0, 3.0, 0.0, 1.0, 3, 3, 0, 2, 2, 0, 0, 1, 0, 0, 0, 0, 0, 0, 0, 1, 0, 0, 0, 2, 0, 0, 0, 0, 0, 0, 0, 3, 0, 0, 0, 0, 1, 1, 0, 0, 1, 3, 0, 3, 2, 0, 0, 2, 0, 0, 0, 3, 0, 1, 2, 3, 0, 0, 0, 0, 3, 2, 3, 1, 0, 2, 1, 0, 3, 3, 3, 1, 0, 0, 0, 0, 1, 0, 3, 0, 0, 0, 3, 0], "154": [0.0, 0.0, 0.0, 0.0, 3.0, 0.0, 0.0, 0.0, 0.0, 3.0, 0.0, 0.0, 0.0, 3.0, 2.0, 0.0, 0.0, 1.0, 0, 0, 1, 1, 1, 2, 0, 0, 0, 1, 0, 1, 0, 0, 0, 0, 1, 0, 1, 0, 1, 0, 0, 0, 0, 3, 0, 0, 0, 0, 0, 3, 0, 0, 0, 0, 0, 0, 0, 0, 3, 0, 0, 0, 3, 0, 0, 0, 0, 3, 0, 0, 0, 2, 3, 0, 1, 1, 0, 0, 3, 2, 0, 0, 0, 0, 1, 3, 0, 0, 3, 0, 0, 2, 0, 2, 2, 0, 0, 1], "155": [0.0, 3.0, 0.0, 0.0, 0.0, 0.0, 2.0, 0.0, 0.0, 0.0, 1.0, 0.0, 2.0, 0, 0, 1, 0, 1, 0, 0, 0, 0, 0, 0, 2, 1, 0, 0, 0, 3, 0, 3, 0, 0, 0, 0, 1, 0, 0, 0, 0, 0, 0, 0, 0, 0, 0, 1, 0, 0, 0, 0, 3, 0, 0, 0, 0, 1, 1, 0, 0, 2, 0, 0, 3, 0, 0, 0, 1, 0, 0, 3, 0, 3, 0, 0, 0, 0, 1, 0, 1, 0, 0, 0, 0, 0, 3, 0, 0, 1, 0, 3, 0], "156": [1.0, 0.0, 0.0, 3.0, 0.0, 0.0, 0.0, 3.0, 0.0, 0.0, 0.0, 0.0, 0, 0, 3, 3, 0, 3, 0, 0, 0, 0, 0, 0, 2, 0, 1, 3, 0, 0, 0, 0, 3, 1, 0, 0, 0, 3, 0, 2, 0, 0, 0, 0, 0, 0, 0, 3, 0, 3, 0, 3, 0, 0, 0, 0, 0, 0, 0, 0, 0, 0, 0, 0, 0, 3, 0, 0, 3, 0, 0, 0, 0, 0, 3, 0, 3, 1, 0, 0, 3, 3, 0, 1, 0, 0, 0, 0, 0, 0, 2, 1], "157": [0.0, 3.0, 1.0, 2.0, 0.0, 0.0, 3.0, 3.0, 0.0, 0.0, 3.0, 0.0, 0.0, 0.0, 0, 0, 3, 0, 0, 3, 0, 0, 0, 0, 0, 3, 0, 0, 0, 0, 0, 0, 3, 1, 0, 0, 3, 0, 0, 0, 0, 1, 0, 0, 0, 0, 0, 3, 0, 1, 3, 0, 2, 3, 0, 0, 0, 0, 3, 3, 0, 0, 0, 0, 0, 0, 0, 3, 0, 0, 3, 0, 1, 0, 0, 0, 0, 0, 0, 3, 0, 0, 0, 0, 1, 1, 0, 0, 0, 0, 0, 0, 0, 2], "158": [0.0, 0.0, 0.0, 2.0, 1.0, 0.0, 1.0, 0.0, 0.0, 2.0, 0.0, 0.0, 0.0, 0.0, 2.0, 0.0, 0.0, 0.0, 2.0, 0.0, 0, 1, 0, 3, 0, 0, 3, 0, 0, 1, 0, 1, 3, 1, 1, 0, 3, 3, 0, 0, 0, 0, 2, 0, 1, 0, 3, 0, 1, 1, 2, 0, 0, 0, 0, 0, 0, 2, 0, 0, 0, 0, 1, 0, 3, 0, 0, 3, 0, 1, 0, 2, 0, 0, 0, 0, 1, 0, 0, 3, 2, 0, 1, 0, 0, 0, 0, 0, 0, 0, 0, 0, 0, 3, 1, 0, 0, 3, 0, 0], "159": [0.0, 0.0, 0.0, 3.0, 3.0, 2.0, 0.0, 1.0, 1.0, 0.0, 0.0, 1.0, 0.0, 0.0, 1.0, 0.0, 0.0, 0.0, 0.0, 0, 0, 0, 0, 0, 0, 1, 0, 0, 0, 1, 1, 0, 0, 0, 1, 0, 0, 0, 0, 2, 0, 3, 1, 0, 2, 0, 1, 0, 1, 0, 0, 1, 0, 1, 0, 0, 1, 3, 0, 0, 0, 2, 0, 0, 1, 0, 0, 0, 3, 0, 0, 3, 0, 3, 0, 0, 0, 0, 0, 0, 0, 0, 0, 0, 0, 1, 0, 0, 0, 0, 1, 3, 0, 0, 0, 0, 0, 1, 0], "160": [0.0, 1.0, 1.0, 0.0, 0.0, 0.0, 3.0, 0.0, 2.0, 0.0, 0.0, 1.0, 0.0, 0.0, 3.0, 0.0, 0.0, 1.0, 0.0, 1.0, 3.0, 0.0, 3.0, 2.0, 3.0, 0.0, 1.0, 0.0, 0, 1, 3, 1, 0, 0, 0, 2, 0, 3, 0, 0, 0, 1, 1, 0, 0, 1, 0, 0, 0, 0, 0, 0, 3, 0, 3, 0, 0, 3, 0, 0, 0, 0, 0, 0, 3, 0, 3, 0, 1, 0, 1, 3, 0, 1, 1, 0, 0, 0, 0, 2, 0, 0, 0, 0, 0, 2, 0, 0, 3, 0, 0, 0, 0, 0, 0, 3, 0, 0, 1, 0, 0, 0, 0, 1, 0, 0, 0, 0], "161": [0.0, 1.0, 2.0, 1.0, 0.0, 0.0, 3.0, 0.0, 0.0, 2.0, 0.0, 3.0, 0.0, 3.0, 3.0, 0.0, 0.0, 0.0, 0.0, 3, 0, 0, 0, 3, 0, 0, 1, 0, 0, 3, 0, 3, 1, 0, 3, 0, 3, 0, 0, 1, 0, 2, 2, 0, 3, 0, 0, 0, 0, 0, 3, 0, 0, 0, 0, 3, 0, 3, 0, 0, 2, 0, 0, 0, 1, 0, 3, 0, 0, 0, 0, 0, 3, 0, 0, 0, 0, 0, 1, 0, 2, 0, 3, 0, 0, 0, 0, 0, 1, 3, 0, 0, 0, 0, 0, 0, 1, 0, 0], "162": [0.0, 0.0, 1.0, 1.0, 0.0, 3.0, 0.0, 0.0, 2.0, 2.0, 3.0, 0.0, 1.0, 0.0, 3.0, 0.0, 0.0, 0.0, 0.0, 0, 0, 0, 0, 0, 3, 0, 0, 3, 1, 0, 0, 2, 0, 3, 0, 1, 0, 0, 0, 0, 0, 0, 0, 0, 1, 0, 0, 3, 2, 0, 1, 0, 3, 0, 0, 0, 2, 0, 0, 2, 0, 0, 0, 0, 3, 0, 0, 0, 0, 0, 0, 0, 0, 0, 0, 0, 0, 0, 0, 0, 0, 0, 0, 3, 0, 0, 0, 0, 3, 2, 0, 3, 0, 1, 0, 0, 0, 0, 0], "163": [0.0, 1.0, 1.0, 2.0, 0.0, 1.0, 0.0, 0.0, 1.0, 0.0, 0.0, 1.0, 0.0, 0.0, 0.0, 0.0, 0.0, 0.0, 1.0, 0.0, 0.0, 0.0, 0.0, 3.0, 0.0, 0, 0, 3, 0, 0, 3, 0, 0, 0, 1, 0, 1, 3, 3, 1, 0, 0, 2, 0, 0, 3, 0, 3, 0, 1, 0, 3, 0, 3, 3, 0, 2, 0, 0, 0, 0, 3, 0, 0, 0, 0, 0, 0, 3, 1, 0, 0, 0, 3, 0, 2, 0, 0, 0, 0, 3, 0, 0, 3, 0, 0, 1, 0, 3, 2, 0, 0, 0, 1, 0, 2, 0, 0, 0, 0, 0, 0, 0, 0, 1], "164": [0.0, 0.0, 2.0, 0.0, 1.0, 2.0, 3.0, 1.0, 0.0, 3.0, 2.0, 0.0, 1.0, 0.0, 0.0, 3.0, 0.0, 1.0, 0.0, 3.0, 1.0, 0.0, 0.0, 1, 0, 1, 0, 0, 0, 3, 2, 3, 0, 0, 0, 1, 0, 1, 0, 0, 0, 0, 0, 2, 0, 0, 3, 0, 0, 0, 3, 0, 0, 0, 3, 0, 0, 3, 0, 0, 0, 0, 0, 3, 3, 1, 0, 2, 0, 1, 0, 0, 0, 1, 0, 0, 3, 2, 0, 3, 3, 0, 0, 0, 0, 0, 3, 1, 0, 1, 0, 3, 0, 0, 2, 3, 0, 0, 3, 0, 0, 3, 1], "165": [0.0, 0.0, 0.0, 0.0, 2.0, 0.0, 1.0, 0.0, 2.0, 3.0, 0.0, 1.0, 0.0, 3.0, 1.0, 2.0, 2.0, 1.0, 0.0, 0.0, 0.0, 0.0, 3.0, 0.0, 3.0, 0.0, 0.0, 3.0, 3, 0, 3, 0, 0, 0, 0, 0, 0, 0, 0, 0, 0, 2, 0, 2, 3, 0, 0, 0, 3, 0, 0, 0, 0, 0, 0, 0, 0, 0, 0, 0, 0, 0, 0, 0, 1, 0, 0, 1, 0, 0, 0, 0, 0, 0, 3, 0, 0, 0, 0, 0, 0, 0, 0, 3, 0, 3, 1, 2, 2, 3, 0, 0, 0, 0, 0, 0, 3, 0, 3, 1, 0, 0, 0, 0, 0, 0, 0, 1], "166": [0.0, 3.0, 0.0, 0.0, 3.0, 2.0, 3.0, 3.0, 3.0, 3.0, 0.0, 0.0, 0.0, 0.0, 0.0, 2.0, 0.0, 0.0, 0.0, 1.0, 2.0, 0.0, 0.0, 0.0, 1.0, 0.0, 0.0, 0, 0, 0, 0, 0, 0, 1, 3, 3, 0, 3, 0, 0, 0, 2, 0, 0, 0, 0, 0, 0, 0, 2, 3, 0, 1, 0, 0, 0, 2, 0, 1, 3, 0, 1, 0, 3, 0, 0, 0, 1, 0, 0, 0, 0, 1, 1, 1, 1, 2, 2, 2, 0, 0, 0, 0, 0, 1, 0, 2, 0, 0, 0, 3, 0, 0, 0, 3, 0, 0, 0, 1, 0, 0, 0, 3, 1, 0, 3, 3], "167": [1.0, 0.0, 0.0, 1.0, 3.0, 0.0, 0.0, 0.0, 2.0, 0.0, 0.0, 1.0, 0.0, 0.0, 0.0, 3.0, 3, 0, 3, 0, 0, 3, 1, 0, 0, 0, 1, 0, 0, 0, 0, 0, 0, 0, 0, 0, 1, 0, 0, 3, 1, 0, 0, 0, 1, 0, 0, 0, 0, 0, 3, 0, 0, 0, 0, 0, 3, 0, 0, 0, 0, 0, 3, 0, 1, 3, 2, 0, 0, 3, 1, 3, 0, 1, 0, 0, 0, 0, 0, 0, 0, 3, 0, 2, 1, 1, 0, 0, 0, 2, 3, 0, 2, 0, 0, 3], "168": [0.0, 0.0, 3.0, 0.0, 0.0, 0.0, 0.0, 0.0, 3.0, 0.0, 0.0, 0.0, 1, 0, 0, 0, 0, 0, 0, 0, 0, 1, 0, 0, 0, 0, 3, 0, 0, 0, 0, 0, 1, 1, 0, 3, 0, 0, 3, 3, 1, 0, 3, 0, 0, 0, 0, 0, 0, 0, 3, 0, 0, 0, 0, 0, 2, 0, 3, 0, 1, 2, 0, 2, 0, 0, 0, 0, 0, 3, 0, 0, 0, 0, 0, 0, 0, 0, 0, 0, 3, 0, 0, 1, 3, 2, 0, 1, 3, 3, 3, 0], "169": [0.0, 3.0, 0.0, 0.0, 3.0, 0.0, 0.0, 1.0, 2.0, 3.0, 0.0, 0.0, 3.0, 0.0, 0, 0, 0, 0, 0, 0, 0, 0, 0, 0, 3, 0, 3, 3, 1, 0, 0, 0, 0, 0, 0, 0, 0, 1, 0, 0, 0, 0, 0, 3, 0, 3, 0, 0, 0, 1, 0, 0, 3, 0, 0, 0, 3, 3, 0, 0, 0, 3, 0, 0, 0, 0, 1, 0, 0, 3, 0, 2, 0, 0, 0, 3, 1, 1, 1, 0, 0, 0, 0, 0, 1, 2, 0, 0, 0, 3, 0, 1, 0, 0], "170": [0.0, 0.0, 3.0, 0.0, 0.0, 0.0, 0.0, 1.0, 1.0, 0.0, 1.0, 0.0, 0.0, 0.0, 0.0, 0.0, 2.0, 0.0, 0.0, 3, 0, 3, 2, 0, 2, 0, 0, 1, 1, 0, 0, 0, 0, 0, 0, 0, 0, 0, 0, 0, 0, 0, 0, 0, 0, 0, 0, 0, 3, 0, 1, 1, 1, 1, 0, 1, 0, 0, 0, 3, 3, 2, 0, 0, 3, 0, 1, 0, 1, 0, 0, 3, 0, 0, 0, 0, 0, 0, 0, 0, 3, 0, 0, 0, 0, 0, 0, 0, 0, 3, 0, 0, 0, 0, 0, 2, 0, 3, 2], "171": [0.0, 1.0, 0.0, 0.0, 1.0, 0.0, 3.0, 0.0, 3.0, 0.0, 0.0, 0.0, 0.0, 0.0, 1.0, 0.0, 2.0, 0.0, 0.0, 0.0, 0.0, 0.0, 0, 0, 2, 0, 0, 0, 0, 0, 0, 0, 3, 0, 0, 0, 0, 0, 0, 0, 0, 0, 0, 0, 3, 1, 0, 0, 1, 0, 0, 0, 1, 0, 0, 2, 0, 2, 0, 0, 1, 0, 0, 0, 1, 0, 0, 3, 0, 2, 3, 1, 0, 1, 2, 0, 0, 0, 1, 0, 0, 3, 0, 1, 0, 0, 2, 0, 2, 0, 0, 1, 0, 0, 0, 3, 0, 3, 0, 0, 0, 3], "172": [0.0, 2.0, 0.0, 2.0, 3.0, 0.0, 0.0, 1.0, 0.0, 0.0, 1.0, 3.0, 0.0, 0.0, 0.0, 3.0, 0.0, 0.0, 0.0, 0, 0, 0, 0, 0, 0, 1, 0, 1, 0, 0, 0, 0, 0, 0, 0, 0, 1, 0, 2, 3, 0, 2, 0, 0, 0, 0, 3, 0, 0, 0, 3, 2, 0, 1, 1, 0, 0, 0, 0, 3, 3, 0, 0, 0, 1, 2, 1, 0, 0, 0, 1, 1, 0, 0, 0, 0, 3, 0, 0, 0, 0, 0, 0, 0, 0, 0, 0, 0, 0, 0, 2, 0, 0, 2, 0, 1, 0, 0, 2], "173": [3.0, 1.0, 0.0, 2.0, 0.0, 0.0, 0.0, 0.0, 0.0, 1.0, 3.0, 0.0, 0.0, 0.0, 2.0, 0.0, 0.0, 1.0, 0.0, 1.0, 0.0, 0.0, 0.0, 3.0, 1, 3, 0, 2, 3, 0, 0, 0, 0, 1, 0, 0, 0, 0, 0, 0, 1, 0, 0, 0, 0, 0, 0, 0, 0, 0, 0, 3, 0, 3, 0, 0, 0, 0, 0, 0, 3, 0, 0, 0, 1, 0, 0, 0, 0, 0, 0, 0, 0, 0, 0, 0, 0, 1, 0, 0, 0, 0, 0, 0, 2, 1, 0, 0, 0, 0, 0, 0, 0, 0, 3, 0, 1, 2, 0, 0, 0, 0, 0, 0], "174": [2.0, 0.0, 0.0, 0.0, 0.0, 2.0, 0.0, 0.0, 0.0, 2.0, 0.0, 1.0, 0.0, 3.0, 0.0, 0.0, 0.0, 3.0, 0.0, 0.0, 0.0, 0.0, 3.0, 0.0, 3.0, 0.0, 0.0, 0.0, 0, 2, 1, 0, 0, 2, 3, 0, 0, 1, 0, 0, 0, 0, 0, 3, 0, 0, 0, 0, 0, 0, 0, 0, 0, 1, 0, 0, 3, 1, 0, 0, 0, 0, 0, 0, 0, 0, 1, 0, 1, 3, 3, 0, 0, 2, 0, 0, 2, 0, 0, 2, 0, 0, 0, 3, 1, 1, 0, 0, 0, 0, 0, 3, 1, 2, 0, 0, 0, 0, 0, 3, 0, 0, 3, 3, 0, 0, 0, 0], "175": [0.0, 0.0, 2.0, 0.0, 0.0, 0.0, 3.0, 0.0, 3.0, 0.0, 0.0, 3.0, 0.0, 0.0, 1.0, 0, 0, 0, 0, 0, 0, 0, 0, 0, 0, 3, 3, 0, 3, 0, 0, 3, 0, 3, 0, 0, 0, 0, 1, 1, 0, 0, 0, 0, 1, 0, 0, 3, 0, 0, 3, 3, 0, 1, 0, 0, 3, 0, 1, 0, 0, 0, 0, 0, 0, 0, 0, 1, 0, 0, 0, 0, 0, 0, 0, 2, 0, 3, 2, 0, 0, 0, 1, 2, 0, 1, 0, 3, 2, 3, 0, 0, 0, 1, 0], "176": [0.0, 0.0, 0.0, 0.0, 0.0, 0.0, 0.0, 2.0, 0.0, 0.0, 2.0, 0.0, 0.0, 0.0, 0, 0, 0, 0, 1, 0, 3, 0, 0, 0, 0, 0, 3, 3, 2, 0, 0, 0, 0, 0, 0, 0, 1, 0, 0, 0, 3, 0, 1, 0, 0, 0, 3, 0, 1, 3, 0, 0, 0, 0, 3, 0, 0, 3, 0, 0, 3, 1, 0, 0, 0, 0, 0, 0, 0, 0, 0, 1, 3, 1, 0, 1, 3, 0, 1, 2, 1, 3, 0, 0, 3, 3, 0, 2, 1, 0, 0, 0, 0, 0], "177": [3.0, 3.0, 1.0, 3.0, 0.0, 1.0, 0.0, 0.0, 0.0, 1.0, 0.0, 0.0, 1.0, 1.0, 0.0, 0.0, 2.0, 3.0, 0, 1, 0, 3, 1, 1, 0, 0, 0, 0, 0, 3, 0, 0, 0, 0, 0, 0, 0, 0, 0, 3, 0, 0, 1, 0, 0, 0, 0, 0, 1, 0, 0, 0, 0, 2, 1, 3, 3, 0, 0, 0, 2, 0, 0, 1, 0, 0, 0, 0, 0, 0, 0, 0, 3, 3, 0, 3, 0, 1, 0, 0, 0, 0, 0, 0, 0, 1, 3, 0, 2, 1, 1, 0, 2, 0, 0, 3, 2, 0], "178": [0.0, 0.0, 0.0, 0.0, 1.0, 0.0, 3.0, 2.0, 3.0, 0.0, 0.0, 3.0, 2.0, 3.0, 0.0, 0.0, 2.0, 3.0, 0.0, 0.0, 0.0, 1.0, 0.0, 0.0, 1.0, 3.0, 0, 0, 0, 1, 0, 0, 0, 3, 0, 0, 0, 0, 0, 1, 0, 0, 2, 2, 0, 0, 3, 3, 1, 0, 0, 0, 1, 1, 0, 0, 0, 1, 2, 2, 0, 0, 0, 2, 0, 1, 3, 0, 0, 0, 0, 2, 0, 0, 0, 3, 1, 0, 0, 0, 0, 3, 1, 0, 0, 2, 0, 0, 0, 0, 0, 3, 3, 0, 1, 0, 3, 0, 0, 3, 0, 0, 3, 3, 0, 0], "179": [3.0, 2.0, 1.0, 3.0, 0.0, 0.0, 0.0, 1.0, 0.0, 1.0, 0.0, 0.0, 1.0, 0.0, 0.0, 3.0, 1.0, 0.0, 0, 0, 2, 0, 0, 0, 3, 0, 0, 0, 0, 3, 0, 0, 0, 0, 3, 1, 0, 3, 0, 3, 0, 1, 3, 1, 0, 0, 0, 0, 0, 0, 0, 2, 0, 0, 3, 3, 0, 0, 0, 3, 0, 3, 0, 0, 0, 0, 0, 0, 3, 0, 2, 2, 1, 0, 2, 0, 0, 0, 0, 1, 0, 3, 0, 2, 0, 0, 0, 3, 0, 0, 0, 0, 0, 3, 0, 0, 1, 1], "180": [3.0, 3.0, 0.0, 0.0, 0.0, 1.0, 0.0, 3.0, 1.0, 1.0, 0.0, 0.0, 0.0, 0.0, 0.0, 0.0, 0.0, 0.0, 0.0, 0.0, 0.0, 0.0, 0.0, 0.0, 3.0, 0.0, 0, 3, 0, 0, 0, 0, 0, 0, 0, 1, 1, 3, 0, 0, 0, 0, 0, 0, 0, 0, 0, 0, 1, 0, 0, 0, 0, 0, 0, 3, 3, 3, 0, 0, 0, 0, 0, 0, 0, 3, 0, 3, 0, 0, 1, 3, 0, 0, 0, 0, 0, 0, 3, 2, 0, 0, 0, 0, 0, 3, 0, 0, 1, 0, 1, 0, 0, 1, 0, 0, 2, 0, 0, 0, 0, 0, 0, 3, 0, 0], "181": [3.0, 0.0, 0.0, 3.0, 3.0, 0.0, 3.0, 3.0, 0.0, 0.0, 3.0, 0.0, 0.0, 0.0, 2.0, 0.0, 0.0, 3.0, 0.0, 0.0, 0, 3, 0, 0, 3, 3, 0, 0, 0, 0, 0, 0, 0, 0, 0, 0, 2, 3, 3, 0, 0, 0, 0, 0, 1, 0, 0, 0, 0, 3, 0, 0, 0, 0, 0, 1, 0, 0, 0, 3, 0, 0, 0, 0, 0, 1, 0, 3, 0, 0, 2, 0, 0, 0, 0, 0, 0, 3, 0, 0, 1, 0, 1, 0, 0, 1, 0, 3, 3, 2, 0, 0, 0, 0, 3, 1, 0, 0, 0, 0], "182": [0.0, 0.0, 0.0, 2.0, 0.0, 0.0, 2.0, 2.0, 0.0, 2.0, 3.0, 0.0, 2.0, 3.0, 0.0, 0.0, 2, 1, 1, 0, 1, 0, 0, 0, 0, 2, 2, 0, 1, 3, 0, 1, 0, 0, 2, 1, 0, 0, 1, 3, 0, 2, 0, 0, 0, 3, 0, 0, 0, 0, 0, 0, 0, 0, 1, 0, 3, 0, 0, 0, 0, 0, 2, 0, 3, 0, 0, 0, 0, 3, 3, 3, 0, 1, 3, 3, 1, 0, 0, 0, 0, 3, 3, 1, 0, 0, 0, 1, 0, 0, 0, 2, 0, 0, 0, 0], "183": [1.0, 0.0, 3.0, 1.0, 1.0, 0.0, 0.0, 3.0, 1.0, 0.0, 3.0, 0.0, 0, 1, 0, 0, 0, 0, 0, 0, 0, 0, 0, 0, 3, 0, 0, 0, 0, 0, 0, 3, 0, 0, 0, 0, 0, 0, 0, 0, 0, 0, 2, 1, 0, 0, 0, 2, 0, 0, 3, 0, 1, 0, 0, 0, 0, 3, 0, 0, 3, 0, 0, 0, 0, 3, 0, 0, 3, 0, 0, 0, 1, 0, 0, 0, 0, 0, 0, 0, 0, 0, 0, 0, 3, 1, 0, 2, 2, 0, 1, 3], "184": [0.0, 0.0, 2.0, 3.0, 2.0, 0.0, 0.0, 0.0, 0.0, 2.0, 0.0, 0.0, 0.0, 1, 0, 0, 0, 0, 0, 1, 0, 0, 0, 0, 2, 0, 3, 0, 1, 0, 0, 0, 1, 3, 0, 0, 1, 0, 3, 2, 0, 0, 1, 0, 3, 1, 0, 0, 3, 2, 1, 3, 0, 1, 2, 3, 0, 0, 0, 0, 0, 1, 0, 0, 0, 2, 0, 0, 0, 0, 0, 3, 0, 2, 0, 3, 0, 0, 0, 3, 0, 0, 0, 3, 3, 3, 0, 0, 3, 1, 0, 0, 0], "185": [0.0, 0.0, 3.0, 3.0, 0.0, 0.0, 3.0, 3.0, 3.0, 0.0, 0.0, 0.0, 0.0, 0.0, 0.0, 0.0, 0.0, 0.0, 0.0, 0.0, 0.0, 2.0, 2.0, 0, 0, 0, 0, 2, 0, 0, 0, 3, 0, 0, 3, 0, 0, 3, 3, 0, 0, 0, 0, 0, 0, 0, 0, 0, 0, 0, 2, 2, 0, 1, 0, 0, 0, 2, 0, 3, 0, 3, 0, 0, 0, 3, 3, 0, 0, 1, 0, 0, 1, 1, 0, 0, 1, 0, 0, 1, 1, 3, 1, 2, 0, 0, 1, 2, 1, 0, 0, 0, 0, 0, 2, 0, 2, 0, 2, 0, 1, 0, 0], "186": [0.0, 0.0, 0.0, 3.0, 0.0, 2.0, 0.0, 0.0, 1.0, 0.0, 2.0, 0.0, 0.0, 0.0, 0.0, 0.0, 1.0, 0.0, 1.0, 0.0, 3.0, 3.0, 1.0, 0, 0, 0, 0, 2, 0, 0, 0, 0, 1, 0, 0, 0, 1, 0, 1, 0, 0, 3, 0, 0, 0, 2, 2, 0, 0, 0, 0, 0, 3, 1, 0, 3, 0, 3, 1, 0, 0, 0, 0, 0, 0, 3, 0, 1, 0, 3, 1, 0, 0, 1, 3, 0, 0, 0, 0, 2, 0, 0, 0, 0, 0, 0, 1, 0, 0, 0, 3, 0, 0, 3, 1, 0, 3, 0, 1, 0, 0, 0, 1], "187": [3.0, 0.0, 0.0, 2.0, 1.0, 0.0, 0.0, 0.0, 0.0, 0.0, 0.0, 3.0, 0.0, 1.0, 0.0, 0.0, 1.0, 0.0, 1.0, 0.0, 0.0, 0.0, 0.0, 0.0, 0.0, 2.0, 0, 0, 0, 2, 0, 0, 0, 0, 3, 0, 3, 0, 0, 0, 3, 0, 2, 0, 3, 0, 1, 3, 3, 0, 0, 0, 3, 0, 0, 2, 0, 1, 0, 0, 0, 3, 0, 0, 3, 0, 0, 0, 0, 0, 3, 0, 3, 0, 0, 0, 3, 3, 3, 3, 0, 3, 3, 0, 3, 0, 3, 2, 0, 0, 0, 0, 0, 0, 3, 0, 3, 0, 0, 0, 0, 0, 3, 0, 0, 0], "188": [1.0, 0.0, 0.0, 0.0, 0.0, 0.0, 0.0, 0.0, 0.0, 1.0, 0.0, 3.0, 0.0, 0.0, 0.0, 0, 0, 3, 0, 0, 0, 0, 0, 0, 3, 0, 0, 2, 0, 3, 3, 0, 1, 0, 3, 3, 0, 0, 0, 0, 3, 0, 0, 0, 0, 2, 0, 0, 0, 1, 0, 0, 0, 2, 0, 0, 3, 1, 0, 0, 0, 0, 0, 0, 0, 1, 0, 0, 1, 3, 0, 3, 0, 0, 0, 0, 0, 0, 1, 0, 0, 3, 0, 0, 0, 0, 0, 0, 2, 0, 0, 3, 0, 0, 0], "189": [3.0, 0.0, 1.0, 3.0, 0.0, 0.0, 3.0, 0.0, 2.0, 0.0, 3.0, 0.0, 2.0, 3.0, 3.0, 3, 3, 2, 0, 0, 0, 1, 0, 0, 3, 1, 0, 0, 0, 3, 1, 0, 3, 2, 3, 0, 0, 0, 0, 1, 0, 0, 0, 3, 3, 0, 0, 2, 1, 3, 2, 0, 0, 0, 3, 0, 2, 0, 1, 0, 3, 1, 1, 0, 0, 0, 1, 0, 0, 0, 1, 0, 0, 0, 0, 0, 3, 0, 0, 0, 0, 0, 0, 0, 0, 3, 3, 0, 3, 0, 0, 3, 3, 0, 0], "190": [0.0, 1.0, 0.0, 0.0, 1.0, 1.0, 0.0, 0.0, 2.0, 0.0, 0.0, 1.0, 0.0, 3.0, 3.0, 0.0, 1.0, 0.0, 0.0, 3.0, 0.0, 0.0, 0.0, 1.0, 0.0, 0.0, 3.0, 0.0, 0, 0, 0, 2, 3, 3, 0, 0, 0, 0, 1, 1, 0, 0, 0, 1, 0, 0, 0, 0, 0, 3, 0, 0, 0, 0, 0, 1, 0, 0, 0, 3, 3, 0, 0, 0, 0, 0, 1, 3, 1, 0, 1, 0, 2, 0, 3, 3, 0, 0, 0, 0, 0, 0, 0, 0, 3, 0, 0, 0, 2, 0, 3, 0, 3, 0, 0, 1, 3, 0, 3, 0, 0, 3, 0, 0, 0, 0, 0, 1], "191": [0.0, 3.0, 3.0, 1.0, 0.0, 0.0, 0.0, 3.0, 0.0, 0.0, 0.0, 0.0, 0.0, 1.0, 3.0, 0.0, 0.0, 3.0, 2.0, 0.0, 0.0, 1.0, 0.0, 0.0, 0.0, 0.0, 1.0, 0.0, 0, 0, 0, 2, 0, 3, 3, 0, 1, 0, 1, 1, 1, 0, 2, 2, 0, 0, 0, 0, 0, 0, 0, 2, 3, 3, 0, 0, 0, 0, 0, 3, 3, 0, 2, 1, 0, 0, 3, 1, 0, 0, 0, 1, 0, 0, 3, 1, 2, 2, 3, 2, 0, 2, 1, 2, 0, 0, 3, 0, 0, 0, 1, 2, 1, 0, 2, 2, 0, 1, 0, 0, 0, 0, 0, 0, 2, 0, 0, 0], "192": [0.0, 3.0, 0.0, 1.0, 3.0, 0.0, 0.0, 3.0, 3.0, 3.0, 3.0, 0.0, 0.0, 0.0, 0.0, 0.0, 0.0, 0.0, 0.0, 0.0, 0.0, 0.0, 0, 0, 0, 0, 0, 0, 0, 0, 0, 2, 0, 3, 0, 1, 2, 0, 0, 3, 0, 2, 3, 0, 0, 2, 0, 3, 3, 0, 1, 0, 1, 0, 0, 0, 0, 0, 2, 0, 1, 0, 0, 3, 0, 0, 1, 2, 0, 0, 3, 0, 0, 3, 0, 3, 0, 0, 0, 2, 1, 1, 0, 0, 0, 0, 0, 0, 1, 2, 3, 2, 0, 0, 0, 3, 0, 0, 3, 0, 3, 0], "193": [0.0, 3.0, 3.0, 3.0, 2.0, 2.0, 3.0, 3.0, 0.0, 2.0, 2.0, 0.0, 1.0, 0.0, 0.0, 0.0, 0.0, 3.0, 1, 0, 1, 0, 0, 0, 1, 0, 0, 0, 0, 3, 2, 1, 0, 0, 0, 0, 0, 0, 1, 0, 0, 0, 0, 3, 0, 2, 3, 0, 0, 2, 0, 0, 0, 0, 3, 0, 3, 3, 0, 0, 0, 0, 0, 0, 0, 1, 3, 0, 1, 3, 0, 0, 2, 1, 0, 3, 0, 1, 0, 3, 0, 3, 1, 2, 0, 0, 0, 0, 2, 0, 1, 0, 3, 0, 2, 0, 3, 3], "194": [3.0, 3.0, 0.0, 2.0, 3.0, 0.0, 0.0, 0.0, 3.0, 0.0, 0.0, 3.0, 0.0, 0.0, 3.0, 0.0, 0.0, 3.0, 0.0, 1, 0, 0, 1, 0, 1, 0, 1, 1, 3, 0, 0, 3, 0, 1, 0, 0, 0, 0, 3, 0, 0, 0, 3, 1, 2, 0, 1, 0, 0, 0, 1, 1, 1, 2, 3, 0, 2, 0, 0, 0, 0, 3, 3, 0, 0, 0, 0, 0, 0, 0, 1, 0, 0, 0, 3, 0, 1, 0, 0, 2, 0, 2, 3, 0, 0, 1, 0, 0, 1, 0, 3, 0, 0, 2, 0, 0, 0, 0, 0], "195": [0.0, 0.0, 0.0, 0.0, 0.0, 0.0, 3.0, 0.0, 0.0, 1.0, 3.0, 1.0, 0.0, 2.0, 0.0, 0.0, 1.0, 0, 0, 1, 0, 0, 2, 0, 3, 0, 0, 2, 0, 0, 0, 0, 0, 0, 0, 0, 0, 0, 0, 0, 0, 0, 0, 1, 1, 1, 0, 1, 0, 0, 0, 0, 0, 0, 0, 0, 3, 0, 0, 0, 0, 0, 0, 3, 0, 0, 3, 0, 2, 3, 0, 0, 0, 0, 0, 0, 0, 3, 0, 0, 0, 0, 3, 0, 0, 0, 0, 1, 3, 1, 1, 0, 0, 0, 1, 1, 0], "196": [0.0, 0.0, 3.0, 0.0, 1.0, 3.0, 0.0, 2.0, 0.0, 0.0, 0.0, 0.0, 0.0, 0.0, 0.0, 0.0, 0.0, 0.0, 0.0, 1.0, 2, 3, 3, 0, 0, 1, 0, 1, 2, 3, 3, 3, 0, 0, 0, 0, 3, 0, 0, 0, 1, 3, 0, 0, 0, 0, 0, 1, 0, 2, 0, 0, 0, 3, 3, 1, 3, 3, 1, 2, 0, 0, 0, 3, 0, 2, 0, 0, 3, 0, 0, 0, 0, 0, 0, 0, 0, 3, 0, 0, 0, 0, 0, 0, 0, 0, 0, 0, 0, 0, 0, 0, 0, 0, 0, 0, 0, 3, 0, 0], "197": [0.0, 0.0, 0.0, 3.0, 3.0, 0.0, 0.0, 3.0, 1.0, 1.0, 0.0, 0.0, 0.0, 0.0, 0.0, 3.0, 0.0, 0, 0, 0, 1, 0, 0, 1, 0, 0, 1, 0, 0, 0, 0, 2, 0, 0, 0, 0, 0, 3, 0, 3, 0, 0, 0, 1, 0, 0, 2, 0, 0, 0, 0, 0, 2, 0, 1, 1, 0, 2, 2, 2, 0, 0, 3, 0, 0, 0, 0, 0, 0, 1, 0, 0, 0, 2, 1, 3, 0, 3, 0, 0, 3, 2, 0, 0, 0, 3, 0, 0, 3, 3, 0, 0, 0, 0, 0, 0, 1], "198": [1.0, 0.0, 3.0, 0.0, 3.0, 0.0, 3.0, 2.0, 3.0, 3.0, 0.0, 3.0, 2.0, 0.0, 0.0, 0.0, 0.0, 0.0, 2.0, 1.0, 0.0, 0.0, 1.0, 1.0, 0.0, 2.0, 0.0, 0.0, 0, 0, 1, 0, 3, 0, 1, 0, 0, 3, 3, 0, 0, 1, 0, 0, 1, 0, 0, 0, 0, 0, 3, 0, 3, 0, 3, 3, 0, 3, 0, 3, 0, 3, 0, 1, 0, 2, 0, 0, 0, 1, 0, 0, 0, 3, 0, 3, 0, 0, 0, 0, 0, 3, 2, 1, 0, 0, 0, 0, 0, 0, 0, 0, 0, 0, 3, 0, 3, 0, 0, 3, 0, 0, 0, 3, 0, 1, 3, 0], "199": [0.0, 0.0, 2.0, 3.0, 0.0, 3.0, 0.0, 0.0, 3.0, 0.0, 0.0, 0.0, 0.0, 0.0, 0.0, 0.0, 0.0, 3.0, 3.0, 0.0, 0.0, 0.0, 2.0, 3.0, 1.0, 3.0, 0, 0, 3, 2, 0, 3, 0, 0, 3, 0, 3, 0, 0, 0, 0, 0, 2, 0, 2, 0, 0, 0, 2, 0, 0, 3, 0, 0, 1, 0, 0, 0, 1, 0, 2, 0, 3, 0, 2, 3, 3, 0, 0, 0, 0, 2, 0, 3, 1, 1, 3, 0, 0, 0, 0, 0, 0, 0, 0, 0, 0, 0, 2, 0, 3, 0, 3, 0, 0, 1, 0, 0, 1, 3, 1, 0, 0, 0, 0, 0], "200": [0.0, 3.0, 0.0, 0.0, 0.0, 1.0, 0.0, 0.0, 3.0, 0.0, 0.0, 0.0, 0.0, 3.0, 3.0, 3.0, 0.0, 0.0, 0.0, 0, 0, 0, 0, 0, 3, 0, 0, 0, 1, 0, 3, 3, 0, 0, 0, 0, 0, 0, 0, 0, 0, 0, 1, 3, 0, 3, 0, 1, 2, 1, 2, 1, 1, 0, 0, 2, 3, 2, 0, 0, 0, 0, 3, 0, 0, 0, 3, 0, 3, 0, 0, 0, 0, 0, 1, 3, 0, 0, 2, 0, 1, 0, 2, 0, 0, 3, 2, 0, 3, 0, 0, 0, 0, 0, 0, 0, 0, 3, 0], "201": [0.0, 0.0, 0.0, 0.0, 0.0, 0.0, 0.0, 0.0, 0.0, 0.0, 3.0, 0.0, 0.0, 0.0, 0.0, 1.0, 0.0, 0.0, 3.0, 0.0, 0.0, 0.0, 0.0, 0.0, 0.0, 0.0, 0, 0, 0, 0, 0, 0, 3, 0, 3, 0, 0, 0, 1, 3, 0, 1, 1, 0, 1, 1, 0, 0, 0, 0, 0, 0, 0, 0, 3, 3, 0, 0, 0, 0, 0, 0, 0, 0, 2, 0, 0, 0, 0, 1, 0, 0, 3, 2, 0, 1, 0, 0, 3, 0, 0, 0, 0, 0, 2, 2, 0, 0, 0, 3, 2, 3, 0, 0, 2, 0, 0, 1, 0, 0, 0, 0, 0, 0, 3, 1], "202": [0.0, 0.0, 2.0, 3.0, 0.0, 0.0, 3.0, 0.0, 2.0, 0.0, 0.0, 0.0, 0.0, 0.0, 0.0, 0.0, 0.0, 0.0, 0.0, 2.0, 3.0, 0.0, 3.0, 0, 0, 0, 0, 1, 2, 0, 0, 0, 0, 0, 0, 0, 0, 0, 0, 0, 2, 0, 0, 0, 0, 2, 0, 0, 0, 0, 0, 3, 1, 0, 0, 0, 0, 0, 0, 0, 3, 3, 2, 0, 3, 0, 1, 0, 0, 0, 3, 0, 1, 0, 0, 0, 0, 3, 0, 3, 0, 1, 0, 0, 0, 0, 3, 3, 0, 1, 3, 2, 0, 2, 0, 0, 0, 2, 2, 1, 0, 2, 3], "203": [0.0, 1.0, 1.0, 0.0, 0.0, 0.0, 0.0, 0.0, 3.0, 0.0, 2.0, 0.0, 1.0, 0.0, 0.0, 1.0, 0.0, 2.0, 0.0, 0.0, 0.0, 3.0, 1.0, 0.0, 0.0, 3.0, 0.0, 0.0, 2, 0, 3, 0, 0, 1, 3, 0, 0, 0, 1, 0, 0, 1, 0, 0, 0, 0, 0, 1, 0, 0, 1, 3, 0, 0, 0, 0, 1, 1, 0, 0, 0, 0, 3, 0, 0, 1, 1, 0, 0, 0, 1, 0, 2, 0, 0, 2, 2, 0, 0, 0, 1, 0, 3, 0, 0, 1, 0, 0, 0, 0, 0, 0, 0, 2, 0, 1, 1, 2, 0, 3, 0, 1, 1, 0, 3, 0, 1, 0], "204": [0.0, 0.0, 0.0, 1.0, 3.0, 0.0, 3.0, 0.0, 0.0, 0.0, 3.0, 0.0, 0.0, 0.0, 0.0, 0.0, 0.0, 3.0, 3.0, 3.0, 0.0, 0.0, 1.0, 0, 1, 3, 0, 0, 3, 3, 0, 2, 2, 0, 3, 0, 0, 3, 0, 1, 0, 1, 2, 3, 0, 2, 0, 1, 0, 3, 0, 0, 3, 0, 3, 0, 0, 0, 0, 1, 0, 0, 0, 0, 0, 0, 0, 3, 3, 0, 3, 1, 2, 3, 1, 0, 0, 0, 0, 0, 3, 0, 0, 1, 1, 0, 3, 3, 2, 0, 0, 2, 0, 3, 0, 0, 1, 0, 2, 1, 0, 3, 3], "205": [0.0, 2.0, 0.0, 1.0, 0.0, 3.0, 0.0, 0.0, 0.0, 0.0, 0.0, 2.0, 0.0, 1.0, 2.0, 3.0, 0.0, 3.0, 0.0, 1.0, 0.0, 0.0, 0.0, 0.0, 0.0, 0.0, 0.0, 0.0, 0, 0, 0, 0, 0, 0, 0, 0, 0, 3, 1, 0, 0, 0, 1, 0, 0, 2, 2, 0, 1, 0, 0, 0, 0, 2, 0, 0, 0, 0, 2, 0, 0, 0, 0, 2, 0, 0, 1, 0, 1, 0, 2, 0, 0, 0, 0, 1, 0, 1, 0, 0, 0, 0, 3, 0, 0, 1, 1, 0, 0, 0, 0, 0, 3, 0, 0, 0, 0, 3, 3, 0, 0, 0, 2, 0, 1, 3, 0, 0], "206": [0.0, 0.0, 0.0, 0.0, 0.0, 0.0, 3.0, 1.0, 0.0, 0.0, 0.0, 0.0, 0.0, 3.0, 3.0, 3.0, 0.0, 0.0, 0.0, 0.0, 0.0, 0.0, 0.0, 0.0, 0.0, 0.0, 0, 0, 0, 3, 0, 1, 0, 0, 0, 0, 1, 0, 0, 0, 0, 2, 0, 0, 1, 0, 2, 0, 3, 0, 0, 0, 0, 0, 2, 2, 0, 0, 0, 0, 1, 0, 0, 0, 0, 0, 1, 0, 0, 0, 0, 3, 0, 2, 0, 1, 3, 0, 1, 2, 0, 0, 0, 3, 0, 0, 1, 0, 0, 1, 0, 0, 0, 2, 0, 2, 0, 0, 1, 2, 0, 0, 3, 2, 0, 1], "207": [0.0, 3.0, 0.0, 3.0, 0.0, 1.0, 0.0, 2.0, 0.0, 0.0, 0.0, 3.0, 2.0, 0, 0, 0, 0, 0, 0, 0, 2, 0, 0, 0, 3, 0, 2, 0, 2, 1, 0, 0, 0, 0, 0, 0, 0, 0, 0, 0, 0, 0, 0, 0, 0, 3, 0, 2, 0, 1, 3, 2, 1, 0, 0, 0, 0, 3, 0, 0, 0, 0, 0, 0, 0, 1, 1, 1, 0, 0, 0, 0, 0, 0, 1, 1, 1, 3, 2, 0, 0, 0, 0, 0, 1, 3, 0, 3, 0, 0, 0, 0, 0], "208": [0.0, 0.0, 3.0, 0.0, 1.0, 3.0, 0.0, 0.0, 2.0, 0.0, 1.0, 0.0, 0.0, 3.0, 3.0, 0.0, 0, 0, 2, 0, 0, 1, 0, 0, 0, 0, 0, 2, 2, 0, 0, 0, 0, 0, 0, 1, 3, 0, 0, 0, 0, 1, 0, 3, 0, 0, 0, 0, 0, 3, 2, 0, 1, 3, 0, 0, 0, 2, 0, 0, 2, 0, 0, 0, 0, 2, 1, 0, 0, 1, 0, 1, 1, 1, 2, 0, 1, 0, 0, 0, 0, 0, 0, 0, 3, 3, 0, 0, 1, 3, 0, 3, 0, 0, 2, 0], "209": [0.0, 3.0, 0.0, 0.0, 0.0, 0.0, 0.0, 0.0, 3.0, 2.0, 0.0, 0.0, 0.0, 0.0, 0.0, 2.0, 0.0, 0.0, 3.0, 0.0, 3, 1, 1, 2, 0, 1, 0, 0, 0, 1, 0, 1, 0, 1, 0, 1, 0, 0, 0, 0, 0, 0, 0, 2, 2, 0, 0, 3, 0, 0, 0, 2, 0, 0, 0, 0, 3, 1, 0, 2, 0, 1, 0, 0, 0, 3, 0, 0, 1, 0, 0, 2, 0, 0, 3, 0, 0, 0, 0, 3, 0, 0, 0, 0, 2, 0, 0, 0, 2, 0, 0, 0, 0, 2, 0, 0, 0, 1, 1, 0], "210": [1.0, 0.0, 1.0, 3.0, 3.0, 0.0, 3.0, 0.0, 0.0, 0.0, 1.0, 0.0, 3.0, 1.0, 0.0, 0.0, 1.0, 1, 2, 0, 1, 0, 1, 2, 0, 0, 0, 0, 3, 0, 3, 3, 0, 0, 0, 0, 1, 0, 0, 0, 0, 2, 0, 0, 3, 0, 2, 0, 0, 0, 0, 1, 0, 0, 0, 1, 1, 0, 0, 0, 0, 0, 2, 0, 0, 0, 0, 3, 0, 1, 2, 0, 0, 2, 1, 0, 3, 0, 0, 3, 2, 0, 0, 0, 0, 2, 0, 0, 0, 0, 3, 3, 0, 2, 0, 3, 2], "211": [3.0, 0.0, 0.0, 0.0, 0.0, 2.0, 0.0, 2.0, 0.0, 0.0, 0.0, 0.0, 0.0, 3.0, 0.0, 0.0, 0.0, 3.0, 1.0, 0.0, 0.0, 0.0, 0, 0, 0, 0, 0, 0, 0, 1, 3, 0, 1, 0, 0, 0, 0, 3, 3, 0, 0, 0, 0, 0, 0, 0, 2, 0, 0, 0, 1, 0, 0, 0, 0, 1, 0, 0, 0, 1, 1, 0, 2, 0, 0, 0, 0, 0, 0, 0, 1, 0, 0, 0, 0, 0, 0, 2, 2, 0, 0, 1, 0, 0, 0, 0, 0, 0, 3, 1, 2, 0, 0, 0, 3, 1, 3, 3, 0, 0, 0, 0]}